{"nodes":[{"node":0,"name":"Psychiatric Problem Abnormal Behavior Suicide Attempt"},{"node":1,"name":"Convulsions Seizure"},{"node":2,"name":"Sick Person"},{"node":3,"name":"Chest Pain NonTraumatic"},{"node":4,"name":"Falls"},{"node":5,"name":"Behavioral Mental Disorder Not Otherwise Listed"},{"node":6,"name":"Behavioral Suicide Attempt"},{"node":7,"name":"Behavioral Suicidal Homicidal Ideation"},{"node":8,"name":"Behavioral Depression"},{"node":9,"name":"Neuro Altered Mental Status"},{"node":10,"name":"Neuro Seizure"},{"node":11,"name":"Convulsions"},{"node":12,"name":"Not Recorded"},{"node":13,"name":"Neuro Status Epilepticus Seizure"},{"node":14,"name":"Weakness"},{"node":15,"name":"Abdominal Pain"},{"node":16,"name":"Fever"},{"node":17,"name":"Abuse Of Alcohol"},{"node":18,"name":"CV Chest Pain Presumed Cardiac"},{"node":19,"name":"Chest Pain"},{"node":20,"name":"CV Chest Pain Angina"},{"node":21,"name":"Pain Chest Presumed Noncardiac"},{"node":22,"name":"Injury Not Otherwise Listed"},{"node":23,"name":"Injury Head"},{"node":24,"name":"Injury Hip"},{"node":25,"name":"Major Depressive Disorder"},{"node":26,"name":"Suicidal Ideations"},{"node":27,"name":"Bipolar Disorder"},{"node":28,"name":"Anxiety Disorder"},{"node":29,"name":"Stimulant Abuse"},{"node":30,"name":"Laceration "},{"node":31,"name":"Psychosis"},{"node":32,"name":"Epilepsy"},{"node":33,"name":"Convulsions"},{"node":34,"name":"Generalized Epilepsy"},{"node":35,"name":"Seizures"},{"node":36,"name":"Simple Febrile Convulsions"},{"node":37,"name":"Alcohol Dependence"},{"node":38,"name":"Syncope And Collapse"},{"node":39,"name":"Sepsis"},{"node":40,"name":"Weakness"},{"node":41,"name":"Urinary Tract Infection"},{"node":42,"name":"Acute Kidney Failure"},{"node":43,"name":"Dizziness And Giddiness"},{"node":44,"name":"Altered Mental Status"},{"node":45,"name":"Encephalopathy"},{"node":46,"name":"Abdominal Pain"},{"node":47,"name":"Noninfective Gastroenteritis And Colitis"},{"node":48,"name":"Generalized Abdominal Pain"},{"node":49,"name":"Epigastric Pain"},{"node":50,"name":"Fever"},{"node":51,"name":"Alcohol Abuse"},{"node":52,"name":"Chest Pain"},{"node":53,"name":"NonSt Elevation Nstemi Myocardial Infarction"},{"node":54,"name":"Precordial Pain"},{"node":55,"name":"Atrial Fibrillation"},{"node":56,"name":"Stemi Involving Coronary Artery Of Inferior Wall"},{"node":57,"name":"Displaced Intertrochanteric Fracture Of Femur"},{"node":58,"name":"Fracture Of Neck Of Femur"},{"node":59,"name":"Injury Of Head"},{"node":60,"name":"Fracture Of Humerus"},{"node":61,"name":"Concussion"},{"node":62,"name":"Traumatic Subdr Hem"},{"node":63,"name":"Contusion Of Scalp"},{"node":64,"name":"Fracture Of Pubis"},{"node":65,"name":"AgeRel Osteoporosis"},{"node":66,"name":"Contusion Of Hip"}],"links":[{"source":0,"target":5,"value":204},{"source":0,"target":5,"value":107},{"source":0,"target":5,"value":51},{"source":0,"target":5,"value":47},{"source":0,"target":5,"value":42},{"source":0,"target":6,"value":116},{"source":0,"target":6,"value":48},{"source":0,"target":6,"value":28},{"source":0,"target":6,"value":17},{"source":0,"target":7,"value":53},{"source":0,"target":7,"value":25},{"source":0,"target":8,"value":37},{"source":0,"target":8,"value":17},{"source":0,"target":9,"value":16},{"source":0,"target":9,"value":13},{"source":0,"target":9,"value":13},{"source":0,"target":9,"value":12},{"source":1,"target":10,"value":241},{"source":1,"target":10,"value":176},{"source":1,"target":10,"value":48},{"source":1,"target":10,"value":35},{"source":1,"target":10,"value":32},{"source":1,"target":11,"value":154},{"source":1,"target":11,"value":120},{"source":1,"target":11,"value":21},{"source":1,"target":11,"value":16},{"source":1,"target":11,"value":14},{"source":1,"target":12,"value":45},{"source":1,"target":12,"value":39},{"source":1,"target":9,"value":38},{"source":1,"target":9,"value":28},{"source":1,"target":9,"value":11},{"source":1,"target":13,"value":31},{"source":1,"target":13,"value":17},{"source":2,"target":14,"value":114},{"source":2,"target":14,"value":33},{"source":2,"target":14,"value":32},{"source":2,"target":14,"value":26},{"source":2,"target":14,"value":24},{"source":2,"target":9,"value":75},{"source":2,"target":9,"value":26},{"source":2,"target":9,"value":19},{"source":2,"target":9,"value":14},{"source":2,"target":9,"value":11},{"source":2,"target":15,"value":32},{"source":2,"target":15,"value":16},{"source":2,"target":15,"value":12},{"source":2,"target":15,"value":12},{"source":2,"target":15,"value":12},{"source":2,"target":16,"value":62},{"source":2,"target":16,"value":11},{"source":2,"target":17,"value":43},{"source":2,"target":17,"value":17},{"source":3,"target":18,"value":272},{"source":3,"target":18,"value":31},{"source":3,"target":18,"value":15},{"source":3,"target":18,"value":12},{"source":3,"target":19,"value":186},{"source":3,"target":19,"value":21},{"source":3,"target":19,"value":12},{"source":3,"target":20,"value":109},{"source":3,"target":21,"value":90},{"source":3,"target":12,"value":67},{"source":3,"target":12,"value":10},{"source":4,"target":22,"value":85},{"source":4,"target":22,"value":62},{"source":4,"target":22,"value":28},{"source":4,"target":22,"value":26},{"source":4,"target":22,"value":23},{"source":4,"target":23,"value":57},{"source":4,"target":23,"value":38},{"source":4,"target":23,"value":16},{"source":4,"target":23,"value":14},{"source":4,"target":23,"value":10},{"source":4,"target":24,"value":49},{"source":4,"target":24,"value":22},{"source":4,"target":24,"value":18},{"source":4,"target":24,"value":12},{"source":4,"target":24,"value":11},{"source":4,"target":14,"value":48},{"source":4,"target":14,"value":30},{"source":4,"target":14,"value":12},{"source":4,"target":14,"value":10},{"source":4,"target":12,"value":18},{"source":4,"target":12,"value":14},{"source":4,"target":12,"value":13},{"source":4,"target":12,"value":11},{"source":5,"target":25,"value":204},{"source":5,"target":26,"value":107},{"source":5,"target":27,"value":51},{"source":5,"target":28,"value":47},{"source":5,"target":29,"value":42},{"source":6,"target":25,"value":116},{"source":6,"target":26,"value":48},{"source":6,"target":30,"value":28},{"source":6,"target":27,"value":17},{"source":7,"target":25,"value":53},{"source":7,"target":26,"value":25},{"source":8,"target":25,"value":37},{"source":8,"target":26,"value":17},{"source":9,"target":25,"value":16},{"source":9,"target":26,"value":13},{"source":9,"target":29,"value":13},{"source":9,"target":31,"value":12},{"source":10,"target":32,"value":241},{"source":10,"target":33,"value":176},{"source":10,"target":34,"value":48},{"source":10,"target":35,"value":35},{"source":10,"target":36,"value":32},{"source":11,"target":32,"value":154},{"source":11,"target":33,"value":120},{"source":11,"target":37,"value":21},{"source":11,"target":38,"value":16},{"source":11,"target":34,"value":14},{"source":12,"target":33,"value":45},{"source":12,"target":32,"value":39},{"source":9,"target":32,"value":38},{"source":9,"target":33,"value":28},{"source":9,"target":34,"value":11},{"source":13,"target":32,"value":31},{"source":13,"target":33,"value":17},{"source":14,"target":39,"value":114},{"source":14,"target":40,"value":33},{"source":14,"target":41,"value":32},{"source":14,"target":42,"value":26},{"source":14,"target":43,"value":24},{"source":9,"target":39,"value":75},{"source":9,"target":44,"value":26},{"source":9,"target":41,"value":19},{"source":9,"target":42,"value":14},{"source":9,"target":45,"value":11},{"source":15,"target":46,"value":32},{"source":15,"target":39,"value":16},{"source":15,"target":47,"value":12},{"source":15,"target":48,"value":12},{"source":15,"target":49,"value":12},{"source":16,"target":39,"value":62},{"source":16,"target":50,"value":11},{"source":17,"target":51,"value":43},{"source":17,"target":37,"value":17},{"source":18,"target":52,"value":272},{"source":18,"target":53,"value":31},{"source":18,"target":54,"value":15},{"source":18,"target":55,"value":12},{"source":19,"target":52,"value":186},{"source":19,"target":53,"value":21},{"source":19,"target":56,"value":12},{"source":20,"target":52,"value":109},{"source":21,"target":52,"value":90},{"source":12,"target":52,"value":67},{"source":12,"target":53,"value":10},{"source":22,"target":30,"value":85},{"source":22,"target":57,"value":62},{"source":22,"target":58,"value":28},{"source":22,"target":59,"value":26},{"source":22,"target":60,"value":23},{"source":23,"target":30,"value":57},{"source":23,"target":59,"value":38},{"source":23,"target":61,"value":16},{"source":23,"target":62,"value":14},{"source":23,"target":63,"value":10},{"source":24,"target":57,"value":49},{"source":24,"target":58,"value":22},{"source":24,"target":64,"value":18},{"source":24,"target":65,"value":12},{"source":24,"target":66,"value":11},{"source":14,"target":39,"value":48},{"source":14,"target":40,"value":30},{"source":14,"target":41,"value":12},{"source":14,"target":59,"value":10},{"source":12,"target":57,"value":18},{"source":12,"target":39,"value":14},{"source":12,"target":30,"value":13},{"source":12,"target":38,"value":11}]}