complaint,impression,diagnosis,count
Sick Person,Weakness,Sepsis,114
Sick Person,Weakness,Weakness,33
Sick Person,Weakness,Urinary Tract Infection,32
Sick Person,Weakness,Acute Kidney Failure,26
Sick Person,Weakness,Dizziness And Giddiness,24
Sick Person,Neuro Altered Mental Status Altered Loc Decreased Loc,Sepsis,75
Sick Person,Neuro Altered Mental Status Altered Loc Decreased Loc,Altered Mental Status,26
Sick Person,Neuro Altered Mental Status Altered Loc Decreased Loc,Urinary Tract Infection,19
Sick Person,Neuro Altered Mental Status Altered Loc Decreased Loc,Acute Kidney Failure,14
Sick Person,Neuro Altered Mental Status Altered Loc Decreased Loc,Encephalopathy,11
Sick Person,Pain,Sepsis,29
Sick Person,Pain,Cellulitis Of Limb,17
Sick Person,Pain,Cutaneous Abscess Of Limb,9
Sick Person,Pain,Urinary Tract Infection,9
Sick Person,Pain,Pain In Hip,7
Sick Person,Abdominal Pain,Abdominal Pain,32
Sick Person,Abdominal Pain,Sepsis,16
Sick Person,Abdominal Pain,Generalized Abdominal Pain,12
Sick Person,Abdominal Pain,Noninfective Gastroenteritis And Colitis,12
Sick Person,Abdominal Pain,Epigastric Pain,12
Sick Person,Not Recorded,Sepsis,30
Sick Person,Not Recorded,Urinary Tract Infection,10
Sick Person,Not Recorded,Pneumonia,7
Sick Person,Not Recorded,Alcohol Abuse,7
Sick Person,Not Recorded,Altered Mental Status,5
Falls,Injury Not Otherwise Listed,Laceration ,85
Falls,Injury Not Otherwise Listed,Displaced Intertrochanteric Fracture Of Femur,62
Falls,Injury Not Otherwise Listed,Fracture Of Neck Of Femur,28
Falls,Injury Not Otherwise Listed,Injury Of Head,26
Falls,Injury Not Otherwise Listed,Fracture Of Humerus,23
Falls,Weakness,Sepsis,48
Falls,Weakness,Weakness,30
Falls,Weakness,Urinary Tract Infection,12
Falls,Weakness,Injury Of Head,10
Falls,Weakness,Syncope And Collapse,7
Falls,Not Recorded,Displaced Intertrochanteric Fracture Of Femur,18
Falls,Not Recorded,Sepsis,14
Falls,Not Recorded,Laceration ,13
Falls,Not Recorded,Syncope And Collapse,11
Falls,Not Recorded,Contusion Of Hip,8
Falls,Pain,AgeRel Osteoporosis,13
Falls,Pain,Pain In Hip,10
Falls,Pain,Laceration ,9
Falls,Pain,Displaced Intertrochanteric Fracture Of Femur,8
Falls,Pain,Low Back Pain,7
Falls,Injury Hip,Displaced Intertrochanteric Fracture Of Femur,49
Falls,Injury Hip,Fracture Of Neck Of Femur,22
Falls,Injury Hip,Fracture Of Pubis,18
Falls,Injury Hip,AgeRel Osteoporosis,12
Falls,Injury Hip,Contusion Of Hip,11
Breathing Problem,Respiratory Acute Onset Distress,Chronic Obstructive Pulmonary Disease,102
Breathing Problem,Respiratory Acute Onset Distress,Sepsis,97
Breathing Problem,Respiratory Acute Onset Distress,Acute And Chronic Respiratory Failure,50
Breathing Problem,Respiratory Acute Onset Distress,Acute Respiratory Failure,42
Breathing Problem,Respiratory Acute Onset Distress,Pneumonia,38
Breathing Problem,Respiratory Not Otherwise Listed,Sepsis,18
Breathing Problem,Respiratory Not Otherwise Listed,Acute And Chronic Respiratory Failure,14
Breathing Problem,Respiratory Not Otherwise Listed,Pneumonia,14
Breathing Problem,Respiratory Not Otherwise Listed,Acute Respiratory Failure,12
Breathing Problem,Respiratory Not Otherwise Listed,Chronic Obstructive Pulmonary Disease,12
Breathing Problem,Not Recorded,Sepsis,26
Breathing Problem,Not Recorded,Chronic Obstructive Pulmonary Disease,18
Breathing Problem,Not Recorded,Acute And Chronic Respiratory Failure,9
Breathing Problem,Not Recorded,Chest Pain,7
Breathing Problem,Not Recorded,Asthma,7
Breathing Problem,Weakness,Sepsis,11
Breathing Problem,Weakness,Weakness,7
Breathing Problem,Weakness,Pneumonia,6
Breathing Problem,Weakness,Chronic Obstructive Pulmonary Disease,5
Breathing Problem,Weakness,Chest Pain,5
Breathing Problem,Respiratory Asthma,Asthma,44
Breathing Problem,Respiratory Asthma,Acute Respiratory Failure,10
Breathing Problem,Respiratory Asthma,Chronic Obstructive Pulmonary Disease,9
Breathing Problem,Respiratory Asthma,Sepsis,5
Breathing Problem,Respiratory Asthma,Pneumonia,5
Chest Pain NonTraumatic,CV Chest Pain Presumed Cardiac,Chest Pain,272
Chest Pain NonTraumatic,CV Chest Pain Presumed Cardiac,NonSt Elevation Nstemi Myocardial Infarction,31
Chest Pain NonTraumatic,CV Chest Pain Presumed Cardiac,Precordial Pain,15
Chest Pain NonTraumatic,CV Chest Pain Presumed Cardiac,Atrial Fibrillation,12
Chest Pain NonTraumatic,CV Chest Pain Presumed Cardiac,Stemi Involving Coronary Artery Of Anterior Wall,8
Chest Pain NonTraumatic,Chest Pain,Chest Pain,186
Chest Pain NonTraumatic,Chest Pain,NonSt Elevation Nstemi Myocardial Infarction,21
Chest Pain NonTraumatic,Chest Pain,Stemi Involving Coronary Artery Of Inferior Wall,12
Chest Pain NonTraumatic,Chest Pain,Stemi Involving Coronary Artery Of Anterior Wall,9
Chest Pain NonTraumatic,Chest Pain,Pulmonary Embolism,9
Chest Pain NonTraumatic,Pain Chest Presumed Noncardiac,Chest Pain,90
Chest Pain NonTraumatic,Pain Chest Presumed Noncardiac,Sepsis,9
Chest Pain NonTraumatic,Pain Chest Presumed Noncardiac,Precordial Pain,6
Chest Pain NonTraumatic,Pain Chest Presumed Noncardiac,NonSt Elevation Nstemi Myocardial Infarction,6
Chest Pain NonTraumatic,Pain Chest Presumed Noncardiac,Anxiety Disorder,5
Chest Pain NonTraumatic,CV Chest Pain Angina,Chest Pain,109
Chest Pain NonTraumatic,CV Chest Pain Angina,NonSt Elevation Nstemi Myocardial Infarction,7
Chest Pain NonTraumatic,CV Chest Pain Angina,Precordial Pain,6
Chest Pain NonTraumatic,CV Chest Pain Angina,Acute Bronchitis,3
Chest Pain NonTraumatic,CV Chest Pain Angina,Pleurodynia,3
Chest Pain NonTraumatic,Not Recorded,Chest Pain,67
Chest Pain NonTraumatic,Not Recorded,NonSt Elevation Nstemi Myocardial Infarction,10
Chest Pain NonTraumatic,Not Recorded,Sepsis,7
Chest Pain NonTraumatic,Not Recorded,Alcohol Dependence,4
Chest Pain NonTraumatic,Not Recorded,Precordial Pain,4
Psychiatric Problem Abnormal Behavior Suicide Attempt,Behavioral Mental Disorder Not Otherwise Listed,Major Depressive Disorder,204
Psychiatric Problem Abnormal Behavior Suicide Attempt,Behavioral Mental Disorder Not Otherwise Listed,Suicidal Ideations,107
Psychiatric Problem Abnormal Behavior Suicide Attempt,Behavioral Mental Disorder Not Otherwise Listed,Bipolar Disorder,51
Psychiatric Problem Abnormal Behavior Suicide Attempt,Behavioral Mental Disorder Not Otherwise Listed,Anxiety Disorder,47
Psychiatric Problem Abnormal Behavior Suicide Attempt,Behavioral Mental Disorder Not Otherwise Listed,Stimulant Abuse,42
Psychiatric Problem Abnormal Behavior Suicide Attempt,Behavioral Suicide Attempt,Major Depressive Disorder,116
Psychiatric Problem Abnormal Behavior Suicide Attempt,Behavioral Suicide Attempt,Suicidal Ideations,48
Psychiatric Problem Abnormal Behavior Suicide Attempt,Behavioral Suicide Attempt,Laceration ,28
Psychiatric Problem Abnormal Behavior Suicide Attempt,Behavioral Suicide Attempt,Bipolar Disorder,17
Psychiatric Problem Abnormal Behavior Suicide Attempt,Behavioral Suicide Attempt,Alcohol Abuse,9
Psychiatric Problem Abnormal Behavior Suicide Attempt,Neuro Altered Mental Status Altered Loc Decreased Loc,Major Depressive Disorder,16
Psychiatric Problem Abnormal Behavior Suicide Attempt,Neuro Altered Mental Status Altered Loc Decreased Loc,Stimulant Abuse,13
Psychiatric Problem Abnormal Behavior Suicide Attempt,Neuro Altered Mental Status Altered Loc Decreased Loc,Suicidal Ideations,13
Psychiatric Problem Abnormal Behavior Suicide Attempt,Neuro Altered Mental Status Altered Loc Decreased Loc,Psychosis,12
Psychiatric Problem Abnormal Behavior Suicide Attempt,Neuro Altered Mental Status Altered Loc Decreased Loc,Sepsis,7
Psychiatric Problem Abnormal Behavior Suicide Attempt,Behavioral Suicidal Homicidal Ideation,Major Depressive Disorder,53
Psychiatric Problem Abnormal Behavior Suicide Attempt,Behavioral Suicidal Homicidal Ideation,Suicidal Ideations,25
Psychiatric Problem Abnormal Behavior Suicide Attempt,Behavioral Suicidal Homicidal Ideation,Alcohol Abuse,5
Psychiatric Problem Abnormal Behavior Suicide Attempt,Behavioral Suicidal Homicidal Ideation,Alcohol Dependence,5
Psychiatric Problem Abnormal Behavior Suicide Attempt,Behavioral Suicidal Homicidal Ideation,Anxiety Disorder,4
Psychiatric Problem Abnormal Behavior Suicide Attempt,Not Recorded,Major Depressive Disorder,17
Psychiatric Problem Abnormal Behavior Suicide Attempt,Not Recorded,Laceration ,7
Psychiatric Problem Abnormal Behavior Suicide Attempt,Not Recorded,Suicidal Ideations,6
Psychiatric Problem Abnormal Behavior Suicide Attempt,Not Recorded,Alcohol Abuse,6
Psychiatric Problem Abnormal Behavior Suicide Attempt,Not Recorded,Bipolar Disorder,5
