source,target,value
Complaint - Sick Person,Impression - Weakness,229
Complaint - Sick Person,Impression - Neuro Altered Mental Status Altered Loc Decreased Loc,145
Complaint - Sick Person,Impression - Pain,71
Complaint - Sick Person,Impression - Abdominal Pain,84
Complaint - Sick Person,Impression - Not Recorded,59
Complaint - Falls,Impression - Injury Not Otherwise Listed,224
Complaint - Falls,Impression - Weakness,107
Complaint - Falls,Impression - Not Recorded,64
Complaint - Falls,Impression - Pain,47
Complaint - Falls,Impression - Injury Hip,112
Complaint - Breathing Problem,Impression - Respiratory Acute Onset Distress,329
Complaint - Breathing Problem,Impression - Respiratory Not Otherwise Listed,70
Complaint - Breathing Problem,Impression - Not Recorded,67
Complaint - Breathing Problem,Impression - Weakness,34
Complaint - Breathing Problem,Impression - Respiratory Asthma,73
Complaint - Chest Pain NonTraumatic,Impression - CV Chest Pain Presumed Cardiac,338
Complaint - Chest Pain NonTraumatic,Impression - Chest Pain,237
Complaint - Chest Pain NonTraumatic,Impression - Pain Chest Presumed Noncardiac,116
Complaint - Chest Pain NonTraumatic,Impression - CV Chest Pain Angina,128
Complaint - Chest Pain NonTraumatic,Impression - Not Recorded,92
Complaint - Psychiatric Problem Abnormal Behavior Suicide Attempt,Impression - Behavioral Mental Disorder Not Otherwise Listed,451
Complaint - Psychiatric Problem Abnormal Behavior Suicide Attempt,Impression - Behavioral Suicide Attempt,218
Complaint - Psychiatric Problem Abnormal Behavior Suicide Attempt,Impression - Neuro Altered Mental Status Altered Loc Decreased Loc,61
Complaint - Psychiatric Problem Abnormal Behavior Suicide Attempt,Impression - Behavioral Suicidal Homicidal Ideation,92
Complaint - Psychiatric Problem Abnormal Behavior Suicide Attempt,Impression - Not Recorded,41
Impression - Weakness,Diagnosis - Sepsis,173
Impression - Weakness,Diagnosis - Weakness or Syncope,70
Impression - Weakness,Diagnosis - Other Infection,44
Impression - Weakness,Diagnosis - Acute Kidney Failure,26
Impression - Weakness,Diagnosis - Weakness or Syncope,24
Impression - Neuro Altered Mental Status Altered Loc Decreased Loc,Diagnosis - Sepsis,82
Impression - Neuro Altered Mental Status Altered Loc Decreased Loc,Diagnosis - Other Mental Illness,26
Impression - Neuro Altered Mental Status Altered Loc Decreased Loc,Diagnosis - Other Infection,19
Impression - Neuro Altered Mental Status Altered Loc Decreased Loc,Diagnosis - Acute Kidney Failure,14
Impression - Neuro Altered Mental Status Altered Loc Decreased Loc,Diagnosis - Other Infection,11
Impression - Pain,Diagnosis - Sepsis,29
Impression - Pain,Diagnosis - Other Infection,17
Impression - Pain,Diagnosis - Other Infection,9
Impression - Pain,Diagnosis - Other Infection,9
Impression - Pain,Diagnosis - Other Pain,17
Impression - Abdominal Pain,Diagnosis - Other Pain,32
Impression - Abdominal Pain,Diagnosis - Sepsis,16
Impression - Abdominal Pain,Diagnosis - Other Pain,12
Impression - Abdominal Pain,Diagnosis - Other Pain,12
Impression - Abdominal Pain,Diagnosis - Other Pain,12
Impression - Not Recorded,Diagnosis - Sepsis,77
Impression - Not Recorded,Diagnosis - Other Infection,10
Impression - Not Recorded,Diagnosis - Other Infection,7
Impression - Not Recorded,Diagnosis - Substance Abuse,13
Impression - Not Recorded,Diagnosis - Other Mental Illness,5
Impression - Injury Not Otherwise Listed,Diagnosis - Other Injury,85
Impression - Injury Not Otherwise Listed,Diagnosis - Fracture,62
Impression - Injury Not Otherwise Listed,Diagnosis - Fracture,28
Impression - Injury Not Otherwise Listed,Diagnosis - Other Injury,26
Impression - Injury Not Otherwise Listed,Diagnosis - Fracture,23
Impression - Weakness,Diagnosis - Other Injury,10
Impression - Weakness,Diagnosis - Weakness or Syncope,7
Impression - Not Recorded,Diagnosis - Fracture,18
Impression - Not Recorded,Diagnosis - Other Injury,20
Impression - Not Recorded,Diagnosis - Weakness or Syncope,11
Impression - Not Recorded,Diagnosis - Other Injury,8
Impression - Pain,Diagnosis - Age Related Osteoporosis,13
Impression - Pain,Diagnosis - Other Injury,9
Impression - Pain,Diagnosis - Fracture,8
Impression - Pain,Diagnosis - Other Pain,7
Impression - Injury Hip,Diagnosis - Fracture,49
Impression - Injury Hip,Diagnosis - Fracture,22
Impression - Injury Hip,Diagnosis - Fracture,18
Impression - Injury Hip,Diagnosis - Age Related Osteoporosis,12
Impression - Injury Hip,Diagnosis - Other Injury,11
Impression - Respiratory Acute Onset Distress,Diagnosis - COPD,102
Impression - Respiratory Acute Onset Distress,Diagnosis - Sepsis,97
Impression - Respiratory Acute Onset Distress,Diagnosis - Breathing Problem,50
Impression - Respiratory Acute Onset Distress,Diagnosis - Breathing Problem,42
Impression - Respiratory Acute Onset Distress,Diagnosis - Other Infection,38
Impression - Respiratory Not Otherwise Listed,Diagnosis - Sepsis,18
Impression - Respiratory Not Otherwise Listed,Diagnosis - Breathing Problem,14
Impression - Respiratory Not Otherwise Listed,Diagnosis - Other Infection,14
Impression - Respiratory Not Otherwise Listed,Diagnosis - Breathing Problem,12
Impression - Respiratory Not Otherwise Listed,Diagnosis - COPD,12
Impression - Not Recorded,Diagnosis - COPD,18
Impression - Not Recorded,Diagnosis - Breathing Problem,9
Impression - Not Recorded,Diagnosis - Chest Pain,74
Impression - Not Recorded,Diagnosis - Breathing Problem,7
Impression - Weakness,Diagnosis - Other Infection,6
Impression - Weakness,Diagnosis - COPD,5
Impression - Weakness,Diagnosis - Chest Pain,5
Impression - Respiratory Asthma,Diagnosis - Breathing Problem,44
Impression - Respiratory Asthma,Diagnosis - Breathing Problem,10
Impression - Respiratory Asthma,Diagnosis - COPD,9
Impression - Respiratory Asthma,Diagnosis - Sepsis,5
Impression - Respiratory Asthma,Diagnosis - Other Infection,5
Impression - CV Chest Pain Presumed Cardiac,Diagnosis - Chest Pain,272
Impression - CV Chest Pain Presumed Cardiac,Diagnosis - MCI,31
Impression - CV Chest Pain Presumed Cardiac,Diagnosis - Other Pain,15
Impression - CV Chest Pain Presumed Cardiac,Diagnosis - Other Heart Problem,12
Impression - CV Chest Pain Presumed Cardiac,Diagnosis - MCI,8
Impression - Chest Pain,Diagnosis - Chest Pain,186
Impression - Chest Pain,Diagnosis - MCI,21
Impression - Chest Pain,Diagnosis - MCI,12
Impression - Chest Pain,Diagnosis - MCI,9
Impression - Chest Pain,Diagnosis - Other Heart Problem,9
Impression - Pain Chest Presumed Noncardiac,Diagnosis - Chest Pain,90
Impression - Pain Chest Presumed Noncardiac,Diagnosis - Sepsis,9
Impression - Pain Chest Presumed Noncardiac,Diagnosis - Other Pain,6
Impression - Pain Chest Presumed Noncardiac,Diagnosis - MCI,6
Impression - Pain Chest Presumed Noncardiac,Diagnosis - Other Mental Illness,5
Impression - CV Chest Pain Angina,Diagnosis - Chest Pain,109
Impression - CV Chest Pain Angina,Diagnosis - MCI,7
Impression - CV Chest Pain Angina,Diagnosis - Other Pain,6
Impression - CV Chest Pain Angina,Diagnosis - Other Infection,3
Impression - CV Chest Pain Angina,Diagnosis - Other Pain,3
Impression - Not Recorded,Diagnosis - MCI,10
Impression - Not Recorded,Diagnosis - Substance Abuse,4
Impression - Not Recorded,Diagnosis - Other Pain,4
Impression - Behavioral Mental Disorder Not Otherwise Listed,Diagnosis - Depression,204
Impression - Behavioral Mental Disorder Not Otherwise Listed,Diagnosis - Suicidal Ideation,107
Impression - Behavioral Mental Disorder Not Otherwise Listed,Diagnosis - Other Mental Illness,51
Impression - Behavioral Mental Disorder Not Otherwise Listed,Diagnosis - Other Mental Illness,47
Impression - Behavioral Mental Disorder Not Otherwise Listed,Diagnosis - Substance Abuse,42
Impression - Behavioral Suicide Attempt,Diagnosis - Depression,116
Impression - Behavioral Suicide Attempt,Diagnosis - Suicidal Ideation,48
Impression - Behavioral Suicide Attempt,Diagnosis - Other Injury,28
Impression - Behavioral Suicide Attempt,Diagnosis - Other Mental Illness,17
Impression - Behavioral Suicide Attempt,Diagnosis - Substance Abuse,9
Impression - Neuro Altered Mental Status Altered Loc Decreased Loc,Diagnosis - Depression,16
Impression - Neuro Altered Mental Status Altered Loc Decreased Loc,Diagnosis - Substance Abuse,13
Impression - Neuro Altered Mental Status Altered Loc Decreased Loc,Diagnosis - Suicidal Ideation,13
Impression - Neuro Altered Mental Status Altered Loc Decreased Loc,Diagnosis - Other Mental Illness,12
Impression - Behavioral Suicidal Homicidal Ideation,Diagnosis - Depression,53
Impression - Behavioral Suicidal Homicidal Ideation,Diagnosis - Suicidal Ideation,25
Impression - Behavioral Suicidal Homicidal Ideation,Diagnosis - Substance Abuse,5
Impression - Behavioral Suicidal Homicidal Ideation,Diagnosis - Substance Abuse,5
Impression - Behavioral Suicidal Homicidal Ideation,Diagnosis - Other Mental Illness,4
Impression - Not Recorded,Diagnosis - Depression,17
Impression - Not Recorded,Diagnosis - Suicidal Ideation,6
Impression - Not Recorded,Diagnosis - Other Mental Illness,5
