,name
0,Complaint - Sick Person
1,Complaint - Falls
2,Complaint - Breathing Problem
3,Complaint - Chest Pain NonTraumatic
4,Complaint - Psychiatric Problem Abnormal Behavior Suicide Attempt
5,Impression - Weakness
6,Impression - Neuro Altered Mental Status Altered Loc Decreased Loc
7,Impression - Pain
8,Impression - Abdominal Pain
9,Impression - Not Recorded
10,Impression - Injury Not Otherwise Listed
11,Impression - Injury Hip
12,Impression - Respiratory Acute Onset Distress
13,Impression - Respiratory Not Otherwise Listed
14,Impression - Respiratory Asthma
15,Impression - CV Chest Pain Presumed Cardiac
16,Impression - Chest Pain
17,Impression - Pain Chest Presumed Noncardiac
18,Impression - CV Chest Pain Angina
19,Impression - Behavioral Mental Disorder Not Otherwise Listed
20,Impression - Behavioral Suicide Attempt
21,Impression - Behavioral Suicidal Homicidal Ideation
22,Impression - Weakness
23,Impression - Neuro Altered Mental Status Altered Loc Decreased Loc
24,Impression - Pain
25,Impression - Abdominal Pain
26,Impression - Not Recorded
27,Impression - Injury Not Otherwise Listed
28,Impression - Injury Hip
29,Impression - Respiratory Acute Onset Distress
30,Impression - Respiratory Not Otherwise Listed
31,Impression - Respiratory Asthma
32,Impression - CV Chest Pain Presumed Cardiac
33,Impression - Chest Pain
34,Impression - Pain Chest Presumed Noncardiac
35,Impression - CV Chest Pain Angina
36,Impression - Behavioral Mental Disorder Not Otherwise Listed
37,Impression - Behavioral Suicide Attempt
38,Impression - Behavioral Suicidal Homicidal Ideation
39,Diagnosis - Sepsis
40,Diagnosis - Acute Kidney Failure
41,Diagnosis - Other Infection
42,Diagnosis - Chest Pain
43,Diagnosis - Other Pain
44,Diagnosis - Substance Abuse
45,Diagnosis - Fracture
46,Diagnosis - Age Related Osteoporosis
47,Diagnosis - Other Injury
48,Diagnosis - COPD
49,Diagnosis - MCI
50,Diagnosis - Other Heart Problem
51,Diagnosis - Breathing Problem
52,Diagnosis - Depression
53,Diagnosis - Suicidal Ideation
54,Diagnosis - Other Mental Illness
55,Diagnosis - Weakness or Syncope
