{
"nodes":[
{"node":0,"name":"Complaint - Sick Person"},
{"node":1,"name":"Complaint - Falls"},
{"node":2,"name":"Complaint - Breathing Problem"},
{"node":3,"name":"Complaint - Chest Pain NonTraumatic"},
{"node":4,"name":"Complaint - Psychiatric Problem Abnormal Behavior Suicide Attempt"},
{"node":5,"name":"Impression - Weakness"},
{"node":6,"name":"Impression - Neuro Altered Mental Status Altered Loc Decreased Loc"},
{"node":7,"name":"Impression - Pain"},
{"node":8,"name":"Impression - Abdominal Pain"},
{"node":9,"name":"Impression - Not Recorded"},
{"node":10,"name":"Impression - Injury Not Otherwise Listed"},
{"node":11,"name":"Impression - Injury Hip"},
{"node":12,"name":"Impression - Respiratory Acute Onset Distress"},
{"node":13,"name":"Impression - Respiratory Not Otherwise Listed"},
{"node":14,"name":"Impression - Respiratory Asthma"},
{"node":15,"name":"Impression - CV Chest Pain Presumed Cardiac"},
{"node":16,"name":"Impression - Chest Pain"},
{"node":17,"name":"Impression - Pain Chest Presumed Noncardiac"},
{"node":18,"name":"Impression - CV Chest Pain Angina"},
{"node":19,"name":"Impression - Behavioral Mental Disorder Not Otherwise Listed"},
{"node":20,"name":"Impression - Behavioral Suicide Attempt"},
{"node":21,"name":"Impression - Behavioral Suicidal Homicidal Ideation"},
{"node":22,"name":"Impression - Weakness"},
{"node":23,"name":"Impression - Neuro Altered Mental Status Altered Loc Decreased Loc"},
{"node":24,"name":"Impression - Pain"},
{"node":25,"name":"Impression - Abdominal Pain"},
{"node":26,"name":"Impression - Not Recorded"},
{"node":27,"name":"Impression - Injury Not Otherwise Listed"},
{"node":28,"name":"Impression - Injury Hip"},
{"node":29,"name":"Impression - Respiratory Acute Onset Distress"},
{"node":30,"name":"Impression - Respiratory Not Otherwise Listed"},
{"node":31,"name":"Impression - Respiratory Asthma"},
{"node":32,"name":"Impression - CV Chest Pain Presumed Cardiac"},
{"node":33,"name":"Impression - Chest Pain"},
{"node":34,"name":"Impression - Pain Chest Presumed Noncardiac"},
{"node":35,"name":"Impression - CV Chest Pain Angina"},
{"node":36,"name":"Impression - Behavioral Mental Disorder Not Otherwise Listed"},
{"node":37,"name":"Impression - Behavioral Suicide Attempt"},
{"node":38,"name":"Impression - Behavioral Suicidal Homicidal Ideation"},
{"node":39,"name":"Diagnosis - Sepsis"},
{"node":40,"name":"Diagnosis - Weakness"},
{"node":41,"name":"Diagnosis - Urinary Tract Infection"},
{"node":42,"name":"Diagnosis - Acute Kidney Failure"},
{"node":43,"name":"Diagnosis - Dizziness And Giddiness"},
{"node":44,"name":"Diagnosis - Altered Mental Status"},
{"node":45,"name":"Diagnosis - Encephalopathy"},
{"node":46,"name":"Diagnosis - Cellulitis Of Limb"},
{"node":47,"name":"Diagnosis - Cutaneous Abscess Of Limb"},
{"node":48,"name":"Diagnosis - Pain In Hip"},
{"node":49,"name":"Diagnosis - Abdominal Pain"},
{"node":50,"name":"Diagnosis - Generalized Abdominal Pain"},
{"node":51,"name":"Diagnosis - Noninfective Gastroenteritis And Colitis"},
{"node":52,"name":"Diagnosis - Epigastric Pain"},
{"node":53,"name":"Diagnosis - Pneumonia"},
{"node":54,"name":"Diagnosis - Alcohol Abuse"},
{"node":55,"name":"Diagnosis - Laceration "},
{"node":56,"name":"Diagnosis - Displaced Intertrochanteric Fracture Of Femur"},
{"node":57,"name":"Diagnosis - Fracture Of Neck Of Femur"},
{"node":58,"name":"Diagnosis - Injury Of Head"},
{"node":59,"name":"Diagnosis - Fracture Of Humerus"},
{"node":60,"name":"Diagnosis - Syncope And Collapse"},
{"node":61,"name":"Diagnosis - Contusion Of Hip"},
{"node":62,"name":"Diagnosis - AgeRel Osteoporosis"},
{"node":63,"name":"Diagnosis - Low Back Pain"},
{"node":64,"name":"Diagnosis - Fracture Of Pubis"},
{"node":65,"name":"Diagnosis - Chronic Obstructive Pulmonary Disease"},
{"node":66,"name":"Diagnosis - Acute And Chronic Respiratory Failure"},
{"node":67,"name":"Diagnosis - Acute Respiratory Failure"},
{"node":68,"name":"Diagnosis - Chest Pain"},
{"node":69,"name":"Diagnosis - Asthma"},
{"node":70,"name":"Diagnosis - NonSt Elevation Nstemi Myocardial Infarction"},
{"node":71,"name":"Diagnosis - Precordial Pain"},
{"node":72,"name":"Diagnosis - Atrial Fibrillation"},
{"node":73,"name":"Diagnosis - Stemi Involving Coronary Artery Of Anterior Wall"},
{"node":74,"name":"Diagnosis - Stemi Involving Coronary Artery Of Inferior Wall"},
{"node":75,"name":"Diagnosis - Pulmonary Embolism"},
{"node":76,"name":"Diagnosis - Anxiety Disorder"},
{"node":77,"name":"Diagnosis - Acute Bronchitis"},
{"node":78,"name":"Diagnosis - Pleurodynia"},
{"node":79,"name":"Diagnosis - Alcohol Dependence"},
{"node":80,"name":"Diagnosis - Major Depressive Disorder"},
{"node":81,"name":"Diagnosis - Suicidal Ideations"},
{"node":82,"name":"Diagnosis - Bipolar Disorder"},
{"node":83,"name":"Diagnosis - Stimulant Abuse"},
{"node":84,"name":"Diagnosis - Psychosis"}
],
"links":[
{"source":0,"target":5,"value":229},
{"source":0,"target":6,"value":145},
{"source":0,"target":7,"value":71},
{"source":0,"target":8,"value":84},
{"source":0,"target":9,"value":59},
{"source":1,"target":10,"value":224},
{"source":1,"target":5,"value":107},
{"source":1,"target":9,"value":64},
{"source":1,"target":7,"value":47},
{"source":1,"target":11,"value":112},
{"source":2,"target":12,"value":329},
{"source":2,"target":13,"value":70},
{"source":2,"target":9,"value":67},
{"source":2,"target":5,"value":34},
{"source":2,"target":14,"value":73},
{"source":3,"target":15,"value":338},
{"source":3,"target":16,"value":237},
{"source":3,"target":17,"value":116},
{"source":3,"target":18,"value":128},
{"source":3,"target":9,"value":92},
{"source":4,"target":19,"value":451},
{"source":4,"target":20,"value":218},
{"source":4,"target":6,"value":61},
{"source":4,"target":21,"value":92},
{"source":4,"target":9,"value":41},
{"source":5,"target":39,"value":173},
{"source":5,"target":40,"value":70},
{"source":5,"target":41,"value":44},
{"source":5,"target":42,"value":26},
{"source":5,"target":43,"value":24},
{"source":6,"target":39,"value":82},
{"source":6,"target":44,"value":26},
{"source":6,"target":41,"value":19},
{"source":6,"target":42,"value":14},
{"source":6,"target":45,"value":11},
{"source":7,"target":39,"value":29},
{"source":7,"target":46,"value":17},
{"source":7,"target":47,"value":9},
{"source":7,"target":41,"value":9},
{"source":7,"target":48,"value":17},
{"source":8,"target":49,"value":32},
{"source":8,"target":39,"value":16},
{"source":8,"target":50,"value":12},
{"source":8,"target":51,"value":12},
{"source":8,"target":52,"value":12},
{"source":9,"target":39,"value":77},
{"source":9,"target":41,"value":10},
{"source":9,"target":53,"value":7},
{"source":9,"target":54,"value":13},
{"source":9,"target":44,"value":5},
{"source":10,"target":55,"value":85},
{"source":10,"target":56,"value":62},
{"source":10,"target":57,"value":28},
{"source":10,"target":58,"value":26},
{"source":10,"target":59,"value":23},
{"source":5,"target":58,"value":10},
{"source":5,"target":60,"value":7},
{"source":9,"target":56,"value":18},
{"source":9,"target":55,"value":20},
{"source":9,"target":60,"value":11},
{"source":9,"target":61,"value":8},
{"source":7,"target":62,"value":13},
{"source":7,"target":55,"value":9},
{"source":7,"target":56,"value":8},
{"source":7,"target":63,"value":7},
{"source":11,"target":56,"value":49},
{"source":11,"target":57,"value":22},
{"source":11,"target":64,"value":18},
{"source":11,"target":62,"value":12},
{"source":11,"target":61,"value":11},
{"source":12,"target":65,"value":102},
{"source":12,"target":39,"value":97},
{"source":12,"target":66,"value":50},
{"source":12,"target":67,"value":42},
{"source":12,"target":53,"value":38},
{"source":13,"target":39,"value":18},
{"source":13,"target":66,"value":14},
{"source":13,"target":53,"value":14},
{"source":13,"target":67,"value":12},
{"source":13,"target":65,"value":12},
{"source":9,"target":65,"value":18},
{"source":9,"target":66,"value":9},
{"source":9,"target":68,"value":74},
{"source":9,"target":69,"value":7},
{"source":5,"target":53,"value":6},
{"source":5,"target":65,"value":5},
{"source":5,"target":68,"value":5},
{"source":14,"target":69,"value":44},
{"source":14,"target":67,"value":10},
{"source":14,"target":65,"value":9},
{"source":14,"target":39,"value":5},
{"source":14,"target":53,"value":5},
{"source":15,"target":68,"value":272},
{"source":15,"target":70,"value":31},
{"source":15,"target":71,"value":15},
{"source":15,"target":72,"value":12},
{"source":15,"target":73,"value":8},
{"source":16,"target":68,"value":186},
{"source":16,"target":70,"value":21},
{"source":16,"target":74,"value":12},
{"source":16,"target":73,"value":9},
{"source":16,"target":75,"value":9},
{"source":17,"target":68,"value":90},
{"source":17,"target":39,"value":9},
{"source":17,"target":71,"value":6},
{"source":17,"target":70,"value":6},
{"source":17,"target":76,"value":5},
{"source":18,"target":68,"value":109},
{"source":18,"target":70,"value":7},
{"source":18,"target":71,"value":6},
{"source":18,"target":77,"value":3},
{"source":18,"target":78,"value":3},
{"source":9,"target":70,"value":10},
{"source":9,"target":79,"value":4},
{"source":9,"target":71,"value":4},
{"source":19,"target":80,"value":204},
{"source":19,"target":81,"value":107},
{"source":19,"target":82,"value":51},
{"source":19,"target":76,"value":47},
{"source":19,"target":83,"value":42},
{"source":20,"target":80,"value":116},
{"source":20,"target":81,"value":48},
{"source":20,"target":55,"value":28},
{"source":20,"target":82,"value":17},
{"source":20,"target":54,"value":9},
{"source":6,"target":80,"value":16},
{"source":6,"target":83,"value":13},
{"source":6,"target":81,"value":13},
{"source":6,"target":84,"value":12},
{"source":21,"target":80,"value":53},
{"source":21,"target":81,"value":25},
{"source":21,"target":54,"value":5},
{"source":21,"target":79,"value":5},
{"source":21,"target":76,"value":4},
{"source":9,"target":80,"value":17},
{"source":9,"target":81,"value":6},
{"source":9,"target":82,"value":5}
]}