source,target,value
Complaint - Sick Person,Impression - Weakness,229
Complaint - Sick Person,Impression - Neuro Altered Mental Status Altered Loc Decreased Loc,145
Complaint - Sick Person,Impression - Pain,71
Complaint - Sick Person,Impression - Abdominal Pain,84
Complaint - Sick Person,Impression - Not Recorded,59
Complaint - Falls,Impression - Injury Not Otherwise Listed,224
Complaint - Falls,Impression - Weakness,107
Complaint - Falls,Impression - Not Recorded,64
Complaint - Falls,Impression - Pain,47
Complaint - Falls,Impression - Injury Hip,112
Complaint - Breathing Problem,Impression - Respiratory Acute Onset Distress,329
Complaint - Breathing Problem,Impression - Respiratory Not Otherwise Listed,70
Complaint - Breathing Problem,Impression - Not Recorded,67
Complaint - Breathing Problem,Impression - Weakness,34
Complaint - Breathing Problem,Impression - Respiratory Asthma,73
Complaint - Chest Pain NonTraumatic,Impression - CV Chest Pain Presumed Cardiac,338
Complaint - Chest Pain NonTraumatic,Impression - Chest Pain,237
Complaint - Chest Pain NonTraumatic,Impression - Pain Chest Presumed Noncardiac,116
Complaint - Chest Pain NonTraumatic,Impression - CV Chest Pain Angina,128
Complaint - Chest Pain NonTraumatic,Impression - Not Recorded,92
Complaint - Psychiatric Problem Abnormal Behavior Suicide Attempt,Impression - Behavioral Mental Disorder Not Otherwise Listed,451
Complaint - Psychiatric Problem Abnormal Behavior Suicide Attempt,Impression - Behavioral Suicide Attempt,218
Complaint - Psychiatric Problem Abnormal Behavior Suicide Attempt,Impression - Neuro Altered Mental Status Altered Loc Decreased Loc,61
Complaint - Psychiatric Problem Abnormal Behavior Suicide Attempt,Impression - Behavioral Suicidal Homicidal Ideation,92
Complaint - Psychiatric Problem Abnormal Behavior Suicide Attempt,Impression - Not Recorded,41
Impression - Weakness,Diagnosis - Sepsis,173
Impression - Weakness,Diagnosis - Weakness,70
Impression - Weakness,Diagnosis - Urinary Tract Infection,44
Impression - Weakness,Diagnosis - Acute Kidney Failure,26
Impression - Weakness,Diagnosis - Dizziness And Giddiness,24
Impression - Neuro Altered Mental Status Altered Loc Decreased Loc,Diagnosis - Sepsis,82
Impression - Neuro Altered Mental Status Altered Loc Decreased Loc,Diagnosis - Altered Mental Status,26
Impression - Neuro Altered Mental Status Altered Loc Decreased Loc,Diagnosis - Urinary Tract Infection,19
Impression - Neuro Altered Mental Status Altered Loc Decreased Loc,Diagnosis - Acute Kidney Failure,14
Impression - Neuro Altered Mental Status Altered Loc Decreased Loc,Diagnosis - Encephalopathy,11
Impression - Pain,Diagnosis - Sepsis,29
Impression - Pain,Diagnosis - Cellulitis Of Limb,17
Impression - Pain,Diagnosis - Cutaneous Abscess Of Limb,9
Impression - Pain,Diagnosis - Urinary Tract Infection,9
Impression - Pain,Diagnosis - Pain In Hip,17
Impression - Abdominal Pain,Diagnosis - Abdominal Pain,32
Impression - Abdominal Pain,Diagnosis - Sepsis,16
Impression - Abdominal Pain,Diagnosis - Generalized Abdominal Pain,12
Impression - Abdominal Pain,Diagnosis - Noninfective Gastroenteritis And Colitis,12
Impression - Abdominal Pain,Diagnosis - Epigastric Pain,12
Impression - Not Recorded,Diagnosis - Sepsis,77
Impression - Not Recorded,Diagnosis - Urinary Tract Infection,10
Impression - Not Recorded,Diagnosis - Pneumonia,7
Impression - Not Recorded,Diagnosis - Alcohol Abuse,13
Impression - Not Recorded,Diagnosis - Altered Mental Status,5
Impression - Injury Not Otherwise Listed,Diagnosis - Laceration ,85
Impression - Injury Not Otherwise Listed,Diagnosis - Displaced Intertrochanteric Fracture Of Femur,62
Impression - Injury Not Otherwise Listed,Diagnosis - Fracture Of Neck Of Femur,28
Impression - Injury Not Otherwise Listed,Diagnosis - Injury Of Head,26
Impression - Injury Not Otherwise Listed,Diagnosis - Fracture Of Humerus,23
Impression - Weakness,Diagnosis - Injury Of Head,10
Impression - Weakness,Diagnosis - Syncope And Collapse,7
Impression - Not Recorded,Diagnosis - Displaced Intertrochanteric Fracture Of Femur,18
Impression - Not Recorded,Diagnosis - Laceration ,20
Impression - Not Recorded,Diagnosis - Syncope And Collapse,11
Impression - Not Recorded,Diagnosis - Contusion Of Hip,8
Impression - Pain,Diagnosis - AgeRel Osteoporosis,13
Impression - Pain,Diagnosis - Laceration ,9
Impression - Pain,Diagnosis - Displaced Intertrochanteric Fracture Of Femur,8
Impression - Pain,Diagnosis - Low Back Pain,7
Impression - Injury Hip,Diagnosis - Displaced Intertrochanteric Fracture Of Femur,49
Impression - Injury Hip,Diagnosis - Fracture Of Neck Of Femur,22
Impression - Injury Hip,Diagnosis - Fracture Of Pubis,18
Impression - Injury Hip,Diagnosis - AgeRel Osteoporosis,12
Impression - Injury Hip,Diagnosis - Contusion Of Hip,11
Impression - Respiratory Acute Onset Distress,Diagnosis - Chronic Obstructive Pulmonary Disease,102
Impression - Respiratory Acute Onset Distress,Diagnosis - Sepsis,97
Impression - Respiratory Acute Onset Distress,Diagnosis - Acute And Chronic Respiratory Failure,50
Impression - Respiratory Acute Onset Distress,Diagnosis - Acute Respiratory Failure,42
Impression - Respiratory Acute Onset Distress,Diagnosis - Pneumonia,38
Impression - Respiratory Not Otherwise Listed,Diagnosis - Sepsis,18
Impression - Respiratory Not Otherwise Listed,Diagnosis - Acute And Chronic Respiratory Failure,14
Impression - Respiratory Not Otherwise Listed,Diagnosis - Pneumonia,14
Impression - Respiratory Not Otherwise Listed,Diagnosis - Acute Respiratory Failure,12
Impression - Respiratory Not Otherwise Listed,Diagnosis - Chronic Obstructive Pulmonary Disease,12
Impression - Not Recorded,Diagnosis - Chronic Obstructive Pulmonary Disease,18
Impression - Not Recorded,Diagnosis - Acute And Chronic Respiratory Failure,9
Impression - Not Recorded,Diagnosis - Chest Pain,74
Impression - Not Recorded,Diagnosis - Asthma,7
Impression - Weakness,Diagnosis - Pneumonia,6
Impression - Weakness,Diagnosis - Chronic Obstructive Pulmonary Disease,5
Impression - Weakness,Diagnosis - Chest Pain,5
Impression - Respiratory Asthma,Diagnosis - Asthma,44
Impression - Respiratory Asthma,Diagnosis - Acute Respiratory Failure,10
Impression - Respiratory Asthma,Diagnosis - Chronic Obstructive Pulmonary Disease,9
Impression - Respiratory Asthma,Diagnosis - Sepsis,5
Impression - Respiratory Asthma,Diagnosis - Pneumonia,5
Impression - CV Chest Pain Presumed Cardiac,Diagnosis - Chest Pain,272
Impression - CV Chest Pain Presumed Cardiac,Diagnosis - NonSt Elevation Nstemi Myocardial Infarction,31
Impression - CV Chest Pain Presumed Cardiac,Diagnosis - Precordial Pain,15
Impression - CV Chest Pain Presumed Cardiac,Diagnosis - Atrial Fibrillation,12
Impression - CV Chest Pain Presumed Cardiac,Diagnosis - Stemi Involving Coronary Artery Of Anterior Wall,8
Impression - Chest Pain,Diagnosis - Chest Pain,186
Impression - Chest Pain,Diagnosis - NonSt Elevation Nstemi Myocardial Infarction,21
Impression - Chest Pain,Diagnosis - Stemi Involving Coronary Artery Of Inferior Wall,12
Impression - Chest Pain,Diagnosis - Stemi Involving Coronary Artery Of Anterior Wall,9
Impression - Chest Pain,Diagnosis - Pulmonary Embolism,9
Impression - Pain Chest Presumed Noncardiac,Diagnosis - Chest Pain,90
Impression - Pain Chest Presumed Noncardiac,Diagnosis - Sepsis,9
Impression - Pain Chest Presumed Noncardiac,Diagnosis - Precordial Pain,6
Impression - Pain Chest Presumed Noncardiac,Diagnosis - NonSt Elevation Nstemi Myocardial Infarction,6
Impression - Pain Chest Presumed Noncardiac,Diagnosis - Anxiety Disorder,5
Impression - CV Chest Pain Angina,Diagnosis - Chest Pain,109
Impression - CV Chest Pain Angina,Diagnosis - NonSt Elevation Nstemi Myocardial Infarction,7
Impression - CV Chest Pain Angina,Diagnosis - Precordial Pain,6
Impression - CV Chest Pain Angina,Diagnosis - Acute Bronchitis,3
Impression - CV Chest Pain Angina,Diagnosis - Pleurodynia,3
Impression - Not Recorded,Diagnosis - NonSt Elevation Nstemi Myocardial Infarction,10
Impression - Not Recorded,Diagnosis - Alcohol Dependence,4
Impression - Not Recorded,Diagnosis - Precordial Pain,4
Impression - Behavioral Mental Disorder Not Otherwise Listed,Diagnosis - Major Depressive Disorder,204
Impression - Behavioral Mental Disorder Not Otherwise Listed,Diagnosis - Suicidal Ideations,107
Impression - Behavioral Mental Disorder Not Otherwise Listed,Diagnosis - Bipolar Disorder,51
Impression - Behavioral Mental Disorder Not Otherwise Listed,Diagnosis - Anxiety Disorder,47
Impression - Behavioral Mental Disorder Not Otherwise Listed,Diagnosis - Stimulant Abuse,42
Impression - Behavioral Suicide Attempt,Diagnosis - Major Depressive Disorder,116
Impression - Behavioral Suicide Attempt,Diagnosis - Suicidal Ideations,48
Impression - Behavioral Suicide Attempt,Diagnosis - Laceration ,28
Impression - Behavioral Suicide Attempt,Diagnosis - Bipolar Disorder,17
Impression - Behavioral Suicide Attempt,Diagnosis - Alcohol Abuse,9
Impression - Neuro Altered Mental Status Altered Loc Decreased Loc,Diagnosis - Major Depressive Disorder,16
Impression - Neuro Altered Mental Status Altered Loc Decreased Loc,Diagnosis - Stimulant Abuse,13
Impression - Neuro Altered Mental Status Altered Loc Decreased Loc,Diagnosis - Suicidal Ideations,13
Impression - Neuro Altered Mental Status Altered Loc Decreased Loc,Diagnosis - Psychosis,12
Impression - Behavioral Suicidal Homicidal Ideation,Diagnosis - Major Depressive Disorder,53
Impression - Behavioral Suicidal Homicidal Ideation,Diagnosis - Suicidal Ideations,25
Impression - Behavioral Suicidal Homicidal Ideation,Diagnosis - Alcohol Abuse,5
Impression - Behavioral Suicidal Homicidal Ideation,Diagnosis - Alcohol Dependence,5
Impression - Behavioral Suicidal Homicidal Ideation,Diagnosis - Anxiety Disorder,4
Impression - Not Recorded,Diagnosis - Major Depressive Disorder,17
Impression - Not Recorded,Diagnosis - Suicidal Ideations,6
Impression - Not Recorded,Diagnosis - Bipolar Disorder,5
