{
"nodes":[
{"node":0,"name":"Complaint - Sick Person"},
{"node":1,"name":"Complaint - Falls"},
{"node":2,"name":"Complaint - Breathing Problem"},
{"node":3,"name":"Complaint - Chest Pain NonTraumatic"},
{"node":4,"name":"Complaint - Psychiatric Problem Abnormal Behavior Suicide Attempt"},
{"node":5,"name":"Impression - Weakness"},
{"node":6,"name":"Impression - Neuro Altered Mental Status Altered Loc Decreased Loc"},
{"node":7,"name":"Impression - Pain"},
{"node":8,"name":"Impression - Abdominal Pain"},
{"node":9,"name":"Impression - Not Recorded"},
{"node":10,"name":"Impression - Injury Not Otherwise Listed"}
],
"links":[
{"source":0,"target":5,"value":229},
{"source":0,"target":6,"value":145},
{"source":0,"target":7,"value":71},
{"source":0,"target":8,"value":84},
{"source":0,"target":9,"value":59},
{"source":1,"target":10,"value":224},
{"source":1,"target":5,"value":107},
{"source":1,"target":9,"value":64},
{"source":1,"target":7,"value":47},
{"source":2,"target":9,"value":67},
{"source":2,"target":5,"value":34},
{"source":3,"target":9,"value":92},
{"source":4,"target":6,"value":61},
{"source":4,"target":9,"value":41}
]}