id,name
0,Complaint - Sick Person
1,Complaint - Falls
2,Complaint - Breathing Problem
3,Complaint - Chest Pain NonTraumatic
4,Complaint - Psychiatric Problem Abnormal Behavior Suicide Attempt
5,Impression - Weakness
6,Impression - Neuro Altered Mental Status Altered Loc Decreased Loc
7,Impression - Pain
8,Impression - Abdominal Pain
9,Impression - Not Recorded
10,Impression - Injury Not Otherwise Listed
11,Impression - Injury Hip
12,Impression - Respiratory Acute Onset Distress
13,Impression - Respiratory Not Otherwise Listed
14,Impression - Respiratory Asthma
15,Impression - CV Chest Pain Presumed Cardiac
16,Impression - Chest Pain
17,Impression - Pain Chest Presumed Noncardiac
18,Impression - CV Chest Pain Angina
19,Impression - Behavioral Mental Disorder Not Otherwise Listed
20,Impression - Behavioral Suicide Attempt
21,Impression - Behavioral Suicidal Homicidal Ideation
22,Impression - Weakness
23,Impression - Neuro Altered Mental Status Altered Loc Decreased Loc
24,Impression - Pain
25,Impression - Abdominal Pain
26,Impression - Not Recorded
27,Impression - Injury Not Otherwise Listed
28,Impression - Injury Hip
29,Impression - Respiratory Acute Onset Distress
30,Impression - Respiratory Not Otherwise Listed
31,Impression - Respiratory Asthma
32,Impression - CV Chest Pain Presumed Cardiac
33,Impression - Chest Pain
34,Impression - Pain Chest Presumed Noncardiac
35,Impression - CV Chest Pain Angina
36,Impression - Behavioral Mental Disorder Not Otherwise Listed
37,Impression - Behavioral Suicide Attempt
38,Impression - Behavioral Suicidal Homicidal Ideation
39,Diagnosis - Sepsis
40,Diagnosis - Weakness
41,Diagnosis - Urinary Tract Infection
42,Diagnosis - Acute Kidney Failure
43,Diagnosis - Dizziness And Giddiness
44,Diagnosis - Altered Mental Status
45,Diagnosis - Encephalopathy
46,Diagnosis - Cellulitis Of Limb
47,Diagnosis - Cutaneous Abscess Of Limb
48,Diagnosis - Pain In Hip
49,Diagnosis - Abdominal Pain
50,Diagnosis - Generalized Abdominal Pain
51,Diagnosis - Noninfective Gastroenteritis And Colitis
52,Diagnosis - Epigastric Pain
53,Diagnosis - Pneumonia
54,Diagnosis - Alcohol Abuse
55,Diagnosis - Laceration 
56,Diagnosis - Displaced Intertrochanteric Fracture Of Femur
57,Diagnosis - Fracture Of Neck Of Femur
58,Diagnosis - Injury Of Head
59,Diagnosis - Fracture Of Humerus
60,Diagnosis - Syncope And Collapse
61,Diagnosis - Contusion Of Hip
62,Diagnosis - AgeRel Osteoporosis
63,Diagnosis - Low Back Pain
64,Diagnosis - Fracture Of Pubis
65,Diagnosis - Chronic Obstructive Pulmonary Disease
66,Diagnosis - Acute And Chronic Respiratory Failure
67,Diagnosis - Acute Respiratory Failure
68,Diagnosis - Chest Pain
69,Diagnosis - Asthma
70,Diagnosis - NonSt Elevation Nstemi Myocardial Infarction
71,Diagnosis - Precordial Pain
72,Diagnosis - Atrial Fibrillation
73,Diagnosis - Stemi Involving Coronary Artery Of Anterior Wall
74,Diagnosis - Stemi Involving Coronary Artery Of Inferior Wall
75,Diagnosis - Pulmonary Embolism
76,Diagnosis - Anxiety Disorder
77,Diagnosis - Acute Bronchitis
78,Diagnosis - Pleurodynia
79,Diagnosis - Alcohol Dependence
80,Diagnosis - Major Depressive Disorder
81,Diagnosis - Suicidal Ideations
82,Diagnosis - Bipolar Disorder
83,Diagnosis - Stimulant Abuse
84,Diagnosis - Psychosis
