{"nodes":[{"node":0,"name":"Complaint - Sick Person"},{"node":1,"name":"Complaint - Falls"},{"node":2,"name":"Complaint - Psychiatric Problem Abnormal Behavior Suicide Attempt"},{"node":3,"name":"Complaint - Convulsions Seizure"},{"node":4,"name":"Complaint - Breathing Problem"},{"node":5,"name":"Impression - Weakness"},{"node":6,"name":"Impression - Neuro Altered Mental Status Altered Loc Decreased Loc"},{"node":7,"name":"Impression - Abdominal Pain"},{"node":8,"name":"Impression - Pain"},{"node":9,"name":"Impression - Fever"},{"node":10,"name":"Impression - Injury Not Otherwise Listed"},{"node":11,"name":"Impression - Injury Hip"},{"node":12,"name":"Impression - Injury Head"},{"node":13,"name":"Impression - Not Recorded"},{"node":14,"name":"Impression - Behavioral Mental Disorder Not Otherwise Listed"},{"node":15,"name":"Impression - Behavioral Suicide Attempt"},{"node":16,"name":"Impression - Behavioral Suicidal Homicidal Ideation"},{"node":17,"name":"Impression - Behavioral Depression"},{"node":18,"name":"Impression - Neuro Seizure"},{"node":19,"name":"Impression - Convulsions"},{"node":20,"name":"Impression - Neuro Status Epilepticus Seizure"},{"node":21,"name":"Impression - Respiratory Acute Onset Distress"},{"node":22,"name":"Impression - Respiratory Not Otherwise Listed"},{"node":23,"name":"Impression - Respiratory Copd Chronic Obstructive Pulmonary Disease"},{"node":24,"name":"Impression - Respiratory Asthma"},{"node":25,"name":"Diagnosis - Sepsis"},{"node":26,"name":"Diagnosis - Weakness"},{"node":27,"name":"Diagnosis - Urinary Tract Infection"},{"node":28,"name":"Diagnosis - Acute Kidney Failure"},{"node":29,"name":"Diagnosis - Dizziness And Giddiness"},{"node":30,"name":"Diagnosis - Altered Mental Status"},{"node":31,"name":"Diagnosis - Encephalopathy"},{"node":32,"name":"Diagnosis - Abdominal Pain"},{"node":33,"name":"Diagnosis - Noninfective Gastroenteritis And Colitis"},{"node":34,"name":"Diagnosis - Generalized Abdominal Pain"},{"node":35,"name":"Diagnosis - Epigastric Pain"},{"node":36,"name":"Diagnosis - Cellulitis Of Limb"},{"node":37,"name":"Diagnosis - Cutaneous Abscess Of Limb"},{"node":38,"name":"Diagnosis - Pain In Hip"},{"node":39,"name":"Diagnosis - Fever"},{"node":40,"name":"Diagnosis - Flu"},{"node":41,"name":"Diagnosis - Pneumonitis"},{"node":42,"name":"Diagnosis - Laceration "},{"node":43,"name":"Diagnosis - Displaced Intertrochanteric Fracture Of Femur"},{"node":44,"name":"Diagnosis - Fracture Of Neck Of Femur"},{"node":45,"name":"Diagnosis - Injury Of Head"},{"node":46,"name":"Diagnosis - Fracture Of Humerus"},{"node":47,"name":"Diagnosis - Fracture Of Pubis"},{"node":48,"name":"Diagnosis - AgeRel Osteoporosis"},{"node":49,"name":"Diagnosis - Contusion Of Hip"},{"node":50,"name":"Diagnosis - Concussion"},{"node":51,"name":"Diagnosis - Traumatic Subdr Hem"},{"node":52,"name":"Diagnosis - Contusion Of Scalp"},{"node":53,"name":"Diagnosis - Syncope And Collapse"},{"node":54,"name":"Diagnosis - Major Depressive Disorder"},{"node":55,"name":"Diagnosis - Suicidal Ideations"},{"node":56,"name":"Diagnosis - Bipolar Disorder"},{"node":57,"name":"Diagnosis - Anxiety Disorder"},{"node":58,"name":"Diagnosis - Stimulant Abuse"},{"node":59,"name":"Diagnosis - Alcohol Abuse"},{"node":60,"name":"Diagnosis - Alcohol Dependence"},{"node":61,"name":"Diagnosis - Psychosis"},{"node":62,"name":"Diagnosis - Epilepsy"},{"node":63,"name":"Diagnosis - Convulsions"},{"node":64,"name":"Diagnosis - Generalized Epilepsy"},{"node":65,"name":"Diagnosis - Seizures"},{"node":66,"name":"Diagnosis - Simple Febrile Convulsions"},{"node":67,"name":"Diagnosis - Chronic Obstructive Pulmonary Disease"},{"node":68,"name":"Diagnosis - Acute And Chronic Respiratory Failure"},{"node":69,"name":"Diagnosis - Acute Respiratory Failure"},{"node":70,"name":"Diagnosis - Pneumonia"},{"node":71,"name":"Diagnosis - Hypertensive Heart Disease"},{"node":72,"name":"Diagnosis - Chest Pain"},{"node":73,"name":"Diagnosis - Asthma"}],"links":[{"source":0,"target":5,"value":114},{"source":0,"target":5,"value":33},{"source":0,"target":5,"value":32},{"source":0,"target":5,"value":26},{"source":0,"target":5,"value":24},{"source":0,"target":6,"value":75},{"source":0,"target":6,"value":26},{"source":0,"target":6,"value":19},{"source":0,"target":6,"value":14},{"source":0,"target":6,"value":11},{"source":0,"target":7,"value":32},{"source":0,"target":7,"value":16},{"source":0,"target":7,"value":12},{"source":0,"target":7,"value":12},{"source":0,"target":7,"value":12},{"source":0,"target":8,"value":29},{"source":0,"target":8,"value":17},{"source":0,"target":8,"value":9},{"source":0,"target":8,"value":9},{"source":0,"target":8,"value":7},{"source":0,"target":9,"value":62},{"source":0,"target":9,"value":11},{"source":0,"target":9,"value":8},{"source":0,"target":9,"value":5},{"source":0,"target":9,"value":5},{"source":1,"target":10,"value":85},{"source":1,"target":10,"value":62},{"source":1,"target":10,"value":28},{"source":1,"target":10,"value":26},{"source":1,"target":10,"value":23},{"source":1,"target":5,"value":48},{"source":1,"target":5,"value":30},{"source":1,"target":5,"value":12},{"source":1,"target":5,"value":10},{"source":1,"target":5,"value":7},{"source":1,"target":11,"value":49},{"source":1,"target":11,"value":22},{"source":1,"target":11,"value":18},{"source":1,"target":11,"value":12},{"source":1,"target":11,"value":11},{"source":1,"target":12,"value":57},{"source":1,"target":12,"value":38},{"source":1,"target":12,"value":16},{"source":1,"target":12,"value":14},{"source":1,"target":12,"value":10},{"source":1,"target":13,"value":18},{"source":1,"target":13,"value":14},{"source":1,"target":13,"value":13},{"source":1,"target":13,"value":11},{"source":1,"target":13,"value":8},{"source":2,"target":14,"value":204},{"source":2,"target":14,"value":107},{"source":2,"target":14,"value":51},{"source":2,"target":14,"value":47},{"source":2,"target":14,"value":42},{"source":2,"target":15,"value":116},{"source":2,"target":15,"value":48},{"source":2,"target":15,"value":28},{"source":2,"target":15,"value":17},{"source":2,"target":15,"value":9},{"source":2,"target":16,"value":53},{"source":2,"target":16,"value":25},{"source":2,"target":16,"value":5},{"source":2,"target":16,"value":5},{"source":2,"target":6,"value":16},{"source":2,"target":6,"value":13},{"source":2,"target":6,"value":13},{"source":2,"target":6,"value":12},{"source":2,"target":6,"value":7},{"source":2,"target":17,"value":37},{"source":2,"target":17,"value":17},{"source":2,"target":17,"value":9},{"source":2,"target":17,"value":5},{"source":3,"target":18,"value":241},{"source":3,"target":18,"value":176},{"source":3,"target":18,"value":48},{"source":3,"target":18,"value":35},{"source":3,"target":18,"value":32},{"source":3,"target":19,"value":154},{"source":3,"target":19,"value":120},{"source":3,"target":19,"value":21},{"source":3,"target":19,"value":16},{"source":3,"target":19,"value":14},{"source":3,"target":13,"value":45},{"source":3,"target":13,"value":39},{"source":3,"target":13,"value":8},{"source":3,"target":13,"value":5},{"source":3,"target":13,"value":5},{"source":3,"target":6,"value":38},{"source":3,"target":6,"value":28},{"source":3,"target":6,"value":11},{"source":3,"target":6,"value":6},{"source":3,"target":20,"value":31},{"source":3,"target":20,"value":17},{"source":4,"target":21,"value":102},{"source":4,"target":21,"value":97},{"source":4,"target":21,"value":50},{"source":4,"target":21,"value":42},{"source":4,"target":21,"value":38},{"source":4,"target":22,"value":18},{"source":4,"target":22,"value":14},{"source":4,"target":22,"value":14},{"source":4,"target":22,"value":12},{"source":4,"target":22,"value":12},{"source":4,"target":23,"value":33},{"source":4,"target":23,"value":26},{"source":4,"target":23,"value":14},{"source":4,"target":23,"value":13},{"source":4,"target":23,"value":7},{"source":4,"target":13,"value":26},{"source":4,"target":13,"value":18},{"source":4,"target":13,"value":9},{"source":4,"target":13,"value":7},{"source":4,"target":13,"value":7},{"source":4,"target":24,"value":44},{"source":4,"target":24,"value":10},{"source":4,"target":24,"value":9},{"source":4,"target":24,"value":5},{"source":4,"target":24,"value":5},{"source":5,"target":25,"value":114},{"source":5,"target":26,"value":33},{"source":5,"target":27,"value":32},{"source":5,"target":28,"value":26},{"source":5,"target":29,"value":24},{"source":6,"target":25,"value":75},{"source":6,"target":30,"value":26},{"source":6,"target":27,"value":19},{"source":6,"target":28,"value":14},{"source":6,"target":31,"value":11},{"source":7,"target":32,"value":32},{"source":7,"target":25,"value":16},{"source":7,"target":33,"value":12},{"source":7,"target":34,"value":12},{"source":7,"target":35,"value":12},{"source":8,"target":25,"value":29},{"source":8,"target":36,"value":17},{"source":8,"target":27,"value":9},{"source":8,"target":37,"value":9},{"source":8,"target":38,"value":7},{"source":9,"target":25,"value":62},{"source":9,"target":39,"value":11},{"source":9,"target":40,"value":8},{"source":9,"target":27,"value":5},{"source":9,"target":41,"value":5},{"source":10,"target":42,"value":85},{"source":10,"target":43,"value":62},{"source":10,"target":44,"value":28},{"source":10,"target":45,"value":26},{"source":10,"target":46,"value":23},{"source":5,"target":25,"value":48},{"source":5,"target":26,"value":30},{"source":5,"target":27,"value":12},{"source":5,"target":45,"value":10},{"source":5,"target":42,"value":7},{"source":11,"target":43,"value":49},{"source":11,"target":44,"value":22},{"source":11,"target":47,"value":18},{"source":11,"target":48,"value":12},{"source":11,"target":49,"value":11},{"source":12,"target":42,"value":57},{"source":12,"target":45,"value":38},{"source":12,"target":50,"value":16},{"source":12,"target":51,"value":14},{"source":12,"target":52,"value":10},{"source":13,"target":43,"value":18},{"source":13,"target":25,"value":14},{"source":13,"target":42,"value":13},{"source":13,"target":53,"value":11},{"source":13,"target":49,"value":8},{"source":14,"target":54,"value":204},{"source":14,"target":55,"value":107},{"source":14,"target":56,"value":51},{"source":14,"target":57,"value":47},{"source":14,"target":58,"value":42},{"source":15,"target":54,"value":116},{"source":15,"target":55,"value":48},{"source":15,"target":42,"value":28},{"source":15,"target":56,"value":17},{"source":15,"target":59,"value":9},{"source":16,"target":54,"value":53},{"source":16,"target":55,"value":25},{"source":16,"target":59,"value":5},{"source":16,"target":60,"value":5},{"source":6,"target":54,"value":16},{"source":6,"target":55,"value":13},{"source":6,"target":58,"value":13},{"source":6,"target":61,"value":12},{"source":6,"target":28,"value":7},{"source":17,"target":54,"value":37},{"source":17,"target":55,"value":17},{"source":17,"target":57,"value":9},{"source":17,"target":42,"value":5},{"source":18,"target":62,"value":241},{"source":18,"target":63,"value":176},{"source":18,"target":64,"value":48},{"source":18,"target":65,"value":35},{"source":18,"target":66,"value":32},{"source":19,"target":62,"value":154},{"source":19,"target":63,"value":120},{"source":19,"target":60,"value":21},{"source":19,"target":53,"value":16},{"source":19,"target":64,"value":14},{"source":13,"target":63,"value":45},{"source":13,"target":62,"value":39},{"source":13,"target":53,"value":8},{"source":13,"target":66,"value":5},{"source":13,"target":60,"value":5},{"source":6,"target":62,"value":38},{"source":6,"target":63,"value":28},{"source":6,"target":64,"value":11},{"source":6,"target":53,"value":6},{"source":20,"target":62,"value":31},{"source":20,"target":63,"value":17},{"source":21,"target":67,"value":102},{"source":21,"target":25,"value":97},{"source":21,"target":68,"value":50},{"source":21,"target":69,"value":42},{"source":21,"target":70,"value":38},{"source":22,"target":25,"value":18},{"source":22,"target":70,"value":14},{"source":22,"target":68,"value":14},{"source":22,"target":67,"value":12},{"source":22,"target":69,"value":12},{"source":23,"target":67,"value":33},{"source":23,"target":25,"value":26},{"source":23,"target":68,"value":14},{"source":23,"target":69,"value":13},{"source":23,"target":71,"value":7},{"source":13,"target":25,"value":26},{"source":13,"target":67,"value":18},{"source":13,"target":68,"value":9},{"source":13,"target":72,"value":7},{"source":13,"target":73,"value":7},{"source":24,"target":73,"value":44},{"source":24,"target":69,"value":10},{"source":24,"target":67,"value":9},{"source":24,"target":70,"value":5},{"source":24,"target":25,"value":5}]}