{"nodes":[{"node":0,"name":"Complaint - Sick Person"},{"node":1,"name":"Complaint - Falls"},{"node":2,"name":"Complaint - Breathing Problem"},{"node":3,"name":"Complaint - Traffic Transportation Incident"},{"node":4,"name":"Complaint - Chest Pain NonTraumatic"},{"node":5,"name":"Impression - Weakness"},{"node":6,"name":"Impression - Neuro Altered Mental Status Altered Loc Decreased Loc"},{"node":7,"name":"Impression - Pain"},{"node":8,"name":"Impression - Abdominal Pain"},{"node":9,"name":"Impression - Not Recorded"},{"node":10,"name":"Impression - Injury Not Otherwise Listed"},{"node":11,"name":"Impression - Injury Hip"},{"node":12,"name":"Impression - Respiratory Acute Onset Distress"},{"node":13,"name":"Impression - Respiratory Not Otherwise Listed"},{"node":14,"name":"Impression - Respiratory Asthma"},{"node":15,"name":"Impression - Pain Not Elsewhere Mentioned Sudden Onset"},{"node":16,"name":"Impression - Injury Neck"},{"node":17,"name":"Impression - Injury Head"},{"node":18,"name":"Impression - Pain Back Nontraumatic"},{"node":19,"name":"Impression - CV Chest Pain Presumed Cardiac"},{"node":20,"name":"Impression - Chest Pain"},{"node":21,"name":"Impression - Pain Chest Presumed Noncardiac"},{"node":22,"name":"Impression - CV Chest Pain Angina"},{"node":23,"name":"Diagnosis - Sepsis"},{"node":24,"name":"Diagnosis - Weakness"},{"node":25,"name":"Diagnosis - Urinary Tract Infection"},{"node":26,"name":"Diagnosis - Acute Kidney Failure"},{"node":27,"name":"Diagnosis - Dizziness And Giddiness"},{"node":28,"name":"Diagnosis - Altered Mental Status"},{"node":29,"name":"Diagnosis - Encephalopathy"},{"node":30,"name":"Diagnosis - Cellulitis Of Limb"},{"node":31,"name":"Diagnosis - Cutaneous Abscess Of Limb"},{"node":32,"name":"Diagnosis - Pain In Hip"},{"node":33,"name":"Diagnosis - Abdominal Pain"},{"node":34,"name":"Diagnosis - Generalized Abdominal Pain"},{"node":35,"name":"Diagnosis - Epigastric Pain"},{"node":36,"name":"Diagnosis - Noninfective Gastroenteritis And Colitis"},{"node":37,"name":"Diagnosis - Pneumonia"},{"node":38,"name":"Diagnosis - Alcohol Abuse"},{"node":39,"name":"Diagnosis - Stimulant Abuse"},{"node":40,"name":"Diagnosis - Laceration "},{"node":41,"name":"Diagnosis - Displaced Intertrochanteric Fracture Of Femur"},{"node":42,"name":"Diagnosis - Fracture Of Neck Of Femur"},{"node":43,"name":"Diagnosis - Injury Of Head"},{"node":44,"name":"Diagnosis - Fracture Of Humerus"},{"node":45,"name":"Diagnosis - Syncope And Collapse"},{"node":46,"name":"Diagnosis - Contusion Of Hip"},{"node":47,"name":"Diagnosis - AgeRel Osteoporosis"},{"node":48,"name":"Diagnosis - Low Back Pain"},{"node":49,"name":"Diagnosis - Fracture Of Pubis"},{"node":50,"name":"Diagnosis - Chronic Obstructive Pulmonary Disease"},{"node":51,"name":"Diagnosis - Acute And Chronic Respiratory Failure"},{"node":52,"name":"Diagnosis - Acute Respiratory Failure"},{"node":53,"name":"Diagnosis - Chest Pain"},{"node":54,"name":"Diagnosis - Asthma"},{"node":55,"name":"Diagnosis - Hypertensive Heart Disease"},{"node":56,"name":"Diagnosis - Strain Of Musclele"},{"node":57,"name":"Diagnosis - Concussion"},{"node":58,"name":"Diagnosis - Contusion Of Front Wall Of Thorax"},{"node":59,"name":"Diagnosis - Sprain Of Ligaments Of Cervical Spine"},{"node":60,"name":"Diagnosis - Cervicalgia"},{"node":61,"name":"Diagnosis - Traumatic Subrac Hem"},{"node":62,"name":"Diagnosis - Traumatic Subdr Hem"},{"node":63,"name":"Diagnosis - Intracranial Injury"},{"node":64,"name":"Diagnosis - NonSt Elevation Nstemi Myocardial Infarction"},{"node":65,"name":"Diagnosis - Precordial Pain"},{"node":66,"name":"Diagnosis - Atrial Fibrillation"},{"node":67,"name":"Diagnosis - Stemi Involving Coronary Artery Of Anterior Wall"},{"node":68,"name":"Diagnosis - Stemi Involving Coronary Artery Of Inferior Wall"},{"node":69,"name":"Diagnosis - Pulmonary Embolism"},{"node":70,"name":"Diagnosis - Anxiety Disorder"},{"node":71,"name":"Diagnosis - Acute Bronchitis"},{"node":72,"name":"Diagnosis - Pleurodynia"},{"node":73,"name":"Diagnosis - Alcohol Dependence"}],"links":[{"source":0,"target":5,"value":114},{"source":0,"target":5,"value":33},{"source":0,"target":5,"value":32},{"source":0,"target":5,"value":26},{"source":0,"target":5,"value":24},{"source":0,"target":6,"value":75},{"source":0,"target":6,"value":26},{"source":0,"target":6,"value":19},{"source":0,"target":6,"value":14},{"source":0,"target":6,"value":11},{"source":0,"target":7,"value":29},{"source":0,"target":7,"value":17},{"source":0,"target":7,"value":9},{"source":0,"target":7,"value":9},{"source":0,"target":7,"value":7},{"source":0,"target":8,"value":32},{"source":0,"target":8,"value":16},{"source":0,"target":8,"value":12},{"source":0,"target":8,"value":12},{"source":0,"target":8,"value":12},{"source":0,"target":9,"value":30},{"source":0,"target":9,"value":10},{"source":0,"target":9,"value":7},{"source":0,"target":9,"value":7},{"source":0,"target":9,"value":5},{"source":1,"target":10,"value":85},{"source":1,"target":10,"value":62},{"source":1,"target":10,"value":28},{"source":1,"target":10,"value":26},{"source":1,"target":10,"value":23},{"source":1,"target":5,"value":48},{"source":1,"target":5,"value":30},{"source":1,"target":5,"value":12},{"source":1,"target":5,"value":10},{"source":1,"target":5,"value":7},{"source":1,"target":9,"value":18},{"source":1,"target":9,"value":14},{"source":1,"target":9,"value":13},{"source":1,"target":9,"value":11},{"source":1,"target":9,"value":8},{"source":1,"target":7,"value":13},{"source":1,"target":7,"value":10},{"source":1,"target":7,"value":9},{"source":1,"target":7,"value":8},{"source":1,"target":7,"value":7},{"source":1,"target":11,"value":49},{"source":1,"target":11,"value":22},{"source":1,"target":11,"value":18},{"source":1,"target":11,"value":12},{"source":1,"target":11,"value":11},{"source":2,"target":12,"value":102},{"source":2,"target":12,"value":97},{"source":2,"target":12,"value":50},{"source":2,"target":12,"value":42},{"source":2,"target":12,"value":38},{"source":2,"target":13,"value":18},{"source":2,"target":13,"value":14},{"source":2,"target":13,"value":14},{"source":2,"target":13,"value":12},{"source":2,"target":13,"value":12},{"source":2,"target":9,"value":26},{"source":2,"target":9,"value":18},{"source":2,"target":9,"value":9},{"source":2,"target":9,"value":7},{"source":2,"target":9,"value":7},{"source":2,"target":5,"value":11},{"source":2,"target":5,"value":7},{"source":2,"target":5,"value":6},{"source":2,"target":5,"value":5},{"source":2,"target":5,"value":5},{"source":2,"target":14,"value":44},{"source":2,"target":14,"value":10},{"source":2,"target":14,"value":9},{"source":2,"target":14,"value":5},{"source":2,"target":14,"value":5},{"source":3,"target":10,"value":67},{"source":3,"target":10,"value":52},{"source":3,"target":10,"value":20},{"source":3,"target":10,"value":19},{"source":3,"target":10,"value":18},{"source":3,"target":15,"value":26},{"source":3,"target":15,"value":12},{"source":3,"target":15,"value":9},{"source":3,"target":15,"value":9},{"source":3,"target":15,"value":6},{"source":3,"target":16,"value":74},{"source":3,"target":16,"value":15},{"source":3,"target":16,"value":9},{"source":3,"target":16,"value":8},{"source":3,"target":16,"value":6},{"source":3,"target":17,"value":32},{"source":3,"target":17,"value":16},{"source":3,"target":17,"value":13},{"source":3,"target":17,"value":10},{"source":3,"target":17,"value":7},{"source":3,"target":18,"value":46},{"source":3,"target":18,"value":8},{"source":3,"target":18,"value":7},{"source":3,"target":18,"value":6},{"source":3,"target":18,"value":5},{"source":4,"target":19,"value":272},{"source":4,"target":19,"value":31},{"source":4,"target":19,"value":15},{"source":4,"target":19,"value":12},{"source":4,"target":19,"value":8},{"source":4,"target":20,"value":186},{"source":4,"target":20,"value":21},{"source":4,"target":20,"value":12},{"source":4,"target":20,"value":9},{"source":4,"target":20,"value":9},{"source":4,"target":21,"value":90},{"source":4,"target":21,"value":9},{"source":4,"target":21,"value":6},{"source":4,"target":21,"value":6},{"source":4,"target":21,"value":5},{"source":4,"target":22,"value":109},{"source":4,"target":22,"value":7},{"source":4,"target":22,"value":6},{"source":4,"target":22,"value":3},{"source":4,"target":22,"value":3},{"source":4,"target":9,"value":67},{"source":4,"target":9,"value":10},{"source":4,"target":9,"value":7},{"source":4,"target":9,"value":4},{"source":4,"target":9,"value":4},{"source":5,"target":23,"value":114},{"source":5,"target":24,"value":33},{"source":5,"target":25,"value":32},{"source":5,"target":26,"value":26},{"source":5,"target":27,"value":24},{"source":6,"target":23,"value":75},{"source":6,"target":28,"value":26},{"source":6,"target":25,"value":19},{"source":6,"target":26,"value":14},{"source":6,"target":29,"value":11},{"source":7,"target":23,"value":29},{"source":7,"target":30,"value":17},{"source":7,"target":25,"value":9},{"source":7,"target":31,"value":9},{"source":7,"target":32,"value":7},{"source":8,"target":33,"value":32},{"source":8,"target":23,"value":16},{"source":8,"target":34,"value":12},{"source":8,"target":35,"value":12},{"source":8,"target":36,"value":12},{"source":9,"target":23,"value":30},{"source":9,"target":25,"value":10},{"source":9,"target":37,"value":7},{"source":9,"target":38,"value":7},{"source":9,"target":39,"value":5},{"source":10,"target":40,"value":85},{"source":10,"target":41,"value":62},{"source":10,"target":42,"value":28},{"source":10,"target":43,"value":26},{"source":10,"target":44,"value":23},{"source":5,"target":23,"value":48},{"source":5,"target":24,"value":30},{"source":5,"target":25,"value":12},{"source":5,"target":43,"value":10},{"source":5,"target":45,"value":7},{"source":9,"target":41,"value":18},{"source":9,"target":23,"value":14},{"source":9,"target":40,"value":13},{"source":9,"target":45,"value":11},{"source":9,"target":46,"value":8},{"source":7,"target":47,"value":13},{"source":7,"target":32,"value":10},{"source":7,"target":40,"value":9},{"source":7,"target":41,"value":8},{"source":7,"target":48,"value":7},{"source":11,"target":41,"value":49},{"source":11,"target":42,"value":22},{"source":11,"target":49,"value":18},{"source":11,"target":47,"value":12},{"source":11,"target":46,"value":11},{"source":12,"target":50,"value":102},{"source":12,"target":23,"value":97},{"source":12,"target":51,"value":50},{"source":12,"target":52,"value":42},{"source":12,"target":37,"value":38},{"source":13,"target":23,"value":18},{"source":13,"target":51,"value":14},{"source":13,"target":37,"value":14},{"source":13,"target":50,"value":12},{"source":13,"target":52,"value":12},{"source":9,"target":23,"value":26},{"source":9,"target":50,"value":18},{"source":9,"target":51,"value":9},{"source":9,"target":53,"value":7},{"source":9,"target":54,"value":7},{"source":5,"target":23,"value":11},{"source":5,"target":24,"value":7},{"source":5,"target":37,"value":6},{"source":5,"target":50,"value":5},{"source":5,"target":55,"value":5},{"source":14,"target":54,"value":44},{"source":14,"target":52,"value":10},{"source":14,"target":50,"value":9},{"source":14,"target":23,"value":5},{"source":14,"target":37,"value":5},{"source":10,"target":56,"value":67},{"source":10,"target":40,"value":52},{"source":10,"target":43,"value":20},{"source":10,"target":57,"value":19},{"source":10,"target":58,"value":18},{"source":15,"target":56,"value":26},{"source":15,"target":40,"value":12},{"source":15,"target":43,"value":9},{"source":15,"target":57,"value":9},{"source":15,"target":44,"value":6},{"source":16,"target":56,"value":74},{"source":16,"target":59,"value":15},{"source":16,"target":60,"value":9},{"source":16,"target":57,"value":8},{"source":16,"target":43,"value":6},{"source":17,"target":40,"value":32},{"source":17,"target":43,"value":16},{"source":17,"target":57,"value":13},{"source":17,"target":61,"value":10},{"source":17,"target":62,"value":7},{"source":18,"target":56,"value":46},{"source":18,"target":59,"value":8},{"source":18,"target":43,"value":7},{"source":18,"target":60,"value":6},{"source":18,"target":63,"value":5},{"source":19,"target":53,"value":272},{"source":19,"target":64,"value":31},{"source":19,"target":65,"value":15},{"source":19,"target":66,"value":12},{"source":19,"target":67,"value":8},{"source":20,"target":53,"value":186},{"source":20,"target":64,"value":21},{"source":20,"target":68,"value":12},{"source":20,"target":67,"value":9},{"source":20,"target":69,"value":9},{"source":21,"target":53,"value":90},{"source":21,"target":23,"value":9},{"source":21,"target":65,"value":6},{"source":21,"target":64,"value":6},{"source":21,"target":70,"value":5},{"source":22,"target":53,"value":109},{"source":22,"target":64,"value":7},{"source":22,"target":65,"value":6},{"source":22,"target":71,"value":3},{"source":22,"target":72,"value":3},{"source":9,"target":53,"value":67},{"source":9,"target":64,"value":10},{"source":9,"target":23,"value":7},{"source":9,"target":73,"value":4},{"source":9,"target":65,"value":4}]}