{
"nodes":[
{"node":0,"name":"Sick Person"},
{"node":1,"name":"Falls"},
{"node":2,"name":"Breathing Problem"},
{"node":3,"name":"Chest Pain NonTraumatic"},
{"node":4,"name":"Psychiatric Problem Abnormal Behavior Suicide Attempt"},
{"node":5,"name":"Weakness"},
{"node":6,"name":"Neuro Altered Mental Status Altered Loc Decreased Loc"},
{"node":7,"name":"Pain"},
{"node":8,"name":"Abdominal Pain"},
{"node":9,"name":"Not Recorded"},
{"node":10,"name":"Injury Not Otherwise Listed"},
{"node":11,"name":"Injury Hip"},
{"node":12,"name":"Respiratory Acute Onset Distress"},
{"node":13,"name":"Respiratory Not Otherwise Listed"},
{"node":14,"name":"Respiratory Asthma"},
{"node":15,"name":"CV Chest Pain Presumed Cardiac"},
{"node":16,"name":"Chest Pain"},
{"node":17,"name":"Pain Chest Presumed Noncardiac"},
{"node":18,"name":"CV Chest Pain Angina"},
{"node":19,"name":"Behavioral Mental Disorder Not Otherwise Listed"},
{"node":20,"name":"Behavioral Suicide Attempt"},
{"node":21,"name":"Behavioral Suicidal Homicidal Ideation"},
{"node":22,"name":"Weakness"},
{"node":23,"name":"Neuro Altered Mental Status Altered Loc Decreased Loc"},
{"node":24,"name":"Pain"},
{"node":25,"name":"Abdominal Pain"},
{"node":26,"name":"Not Recorded"},
{"node":27,"name":"Injury Not Otherwise Listed"},
{"node":28,"name":"Injury Hip"},
{"node":29,"name":"Respiratory Acute Onset Distress"},
{"node":30,"name":"Respiratory Not Otherwise Listed"},
{"node":31,"name":"Respiratory Asthma"},
{"node":32,"name":"CV Chest Pain Presumed Cardiac"},
{"node":33,"name":"Chest Pain"},
{"node":34,"name":"Pain Chest Presumed Noncardiac"},
{"node":35,"name":"CV Chest Pain Angina"},
{"node":36,"name":"Behavioral Mental Disorder Not Otherwise Listed"},
{"node":37,"name":"Behavioral Suicide Attempt"},
{"node":38,"name":"Behavioral Suicidal Homicidal Ideation"},
{"node":39,"name":"Sepsis"},
{"node":40,"name":"Urinary Tract Infection"},
{"node":41,"name":"Acute Kidney Failure"},
{"node":42,"name":"Dizziness And Giddiness"},
{"node":43,"name":"Altered Mental Status"},
{"node":44,"name":"Encephalopathy"},
{"node":45,"name":"Cellulitis Of Limb"},
{"node":46,"name":"Cutaneous Abscess Of Limb"},
{"node":47,"name":"Pain In Hip"},
{"node":48,"name":"Generalized Abdominal Pain"},
{"node":49,"name":"Noninfective Gastroenteritis And Colitis"},
{"node":50,"name":"Epigastric Pain"},
{"node":51,"name":"Pneumonia"},
{"node":52,"name":"Alcohol Abuse"},
{"node":53,"name":"Laceration "},
{"node":54,"name":"Displaced Intertrochanteric Fracture Of Femur"},
{"node":55,"name":"Fracture Of Neck Of Femur"},
{"node":56,"name":"Injury Of Head"},
{"node":57,"name":"Fracture Of Humerus"},
{"node":58,"name":"Syncope And Collapse"},
{"node":59,"name":"Contusion Of Hip"},
{"node":60,"name":"AgeRel Osteoporosis"},
{"node":61,"name":"Low Back Pain"},
{"node":62,"name":"Fracture Of Pubis"},
{"node":63,"name":"Chronic Obstructive Pulmonary Disease"},
{"node":64,"name":"Acute And Chronic Respiratory Failure"},
{"node":65,"name":"Acute Respiratory Failure"},
{"node":66,"name":"Asthma"},
{"node":67,"name":"NonSt Elevation Nstemi Myocardial Infarction"},
{"node":68,"name":"Precordial Pain"},
{"node":69,"name":"Atrial Fibrillation"},
{"node":70,"name":"Stemi Involving Coronary Artery Of Anterior Wall"},
{"node":71,"name":"Stemi Involving Coronary Artery Of Inferior Wall"},
{"node":72,"name":"Pulmonary Embolism"},
{"node":73,"name":"Anxiety Disorder"},
{"node":74,"name":"Acute Bronchitis"},
{"node":75,"name":"Pleurodynia"},
{"node":76,"name":"Alcohol Dependence"},
{"node":77,"name":"Major Depressive Disorder"},
{"node":78,"name":"Suicidal Ideations"},
{"node":79,"name":"Bipolar Disorder"},
{"node":80,"name":"Stimulant Abuse"},
{"node":81,"name":"Psychosis"}
],
"links":[
{"source":0,"target":5,"value":229},
{"source":0,"target":6,"value":145},
{"source":0,"target":7,"value":71},
{"source":0,"target":8,"value":84},
{"source":0,"target":9,"value":59},
{"source":1,"target":10,"value":224},
{"source":1,"target":5,"value":107},
{"source":1,"target":9,"value":64},
{"source":1,"target":7,"value":47},
{"source":1,"target":11,"value":112},
{"source":2,"target":12,"value":329},
{"source":2,"target":13,"value":70},
{"source":2,"target":9,"value":67},
{"source":2,"target":5,"value":34},
{"source":2,"target":14,"value":73},
{"source":3,"target":15,"value":338},
{"source":3,"target":16,"value":237},
{"source":3,"target":17,"value":116},
{"source":3,"target":18,"value":128},
{"source":3,"target":9,"value":92},
{"source":4,"target":19,"value":451},
{"source":4,"target":20,"value":218},
{"source":4,"target":6,"value":61},
{"source":4,"target":21,"value":92},
{"source":4,"target":9,"value":41},
{"source":5,"target":39,"value":173},
{"source":5,"target":5,"value":70},
{"source":5,"target":40,"value":44},
{"source":5,"target":41,"value":26},
{"source":5,"target":42,"value":24},
{"source":6,"target":39,"value":82},
{"source":6,"target":43,"value":26},
{"source":6,"target":40,"value":19},
{"source":6,"target":41,"value":14},
{"source":6,"target":44,"value":11},
{"source":7,"target":39,"value":29},
{"source":7,"target":45,"value":17},
{"source":7,"target":46,"value":9},
{"source":7,"target":40,"value":9},
{"source":7,"target":47,"value":17},
{"source":8,"target":8,"value":32},
{"source":8,"target":39,"value":16},
{"source":8,"target":48,"value":12},
{"source":8,"target":49,"value":12},
{"source":8,"target":50,"value":12},
{"source":9,"target":39,"value":77},
{"source":9,"target":40,"value":10},
{"source":9,"target":51,"value":7},
{"source":9,"target":52,"value":13},
{"source":9,"target":43,"value":5},
{"source":10,"target":53,"value":85},
{"source":10,"target":54,"value":62},
{"source":10,"target":55,"value":28},
{"source":10,"target":56,"value":26},
{"source":10,"target":57,"value":23},
{"source":5,"target":56,"value":10},
{"source":5,"target":58,"value":7},
{"source":9,"target":54,"value":18},
{"source":9,"target":53,"value":20},
{"source":9,"target":58,"value":11},
{"source":9,"target":59,"value":8},
{"source":7,"target":60,"value":13},
{"source":7,"target":53,"value":9},
{"source":7,"target":54,"value":8},
{"source":7,"target":61,"value":7},
{"source":11,"target":54,"value":49},
{"source":11,"target":55,"value":22},
{"source":11,"target":62,"value":18},
{"source":11,"target":60,"value":12},
{"source":11,"target":59,"value":11},
{"source":12,"target":63,"value":102},
{"source":12,"target":39,"value":97},
{"source":12,"target":64,"value":50},
{"source":12,"target":65,"value":42},
{"source":12,"target":51,"value":38},
{"source":13,"target":39,"value":18},
{"source":13,"target":64,"value":14},
{"source":13,"target":51,"value":14},
{"source":13,"target":65,"value":12},
{"source":13,"target":63,"value":12},
{"source":9,"target":63,"value":18},
{"source":9,"target":64,"value":9},
{"source":9,"target":16,"value":74},
{"source":9,"target":66,"value":7},
{"source":5,"target":51,"value":6},
{"source":5,"target":63,"value":5},
{"source":5,"target":16,"value":5},
{"source":14,"target":66,"value":44},
{"source":14,"target":65,"value":10},
{"source":14,"target":63,"value":9},
{"source":14,"target":39,"value":5},
{"source":14,"target":51,"value":5},
{"source":15,"target":16,"value":272},
{"source":15,"target":67,"value":31},
{"source":15,"target":68,"value":15},
{"source":15,"target":69,"value":12},
{"source":15,"target":70,"value":8},
{"source":16,"target":16,"value":186},
{"source":16,"target":67,"value":21},
{"source":16,"target":71,"value":12},
{"source":16,"target":70,"value":9},
{"source":16,"target":72,"value":9},
{"source":17,"target":16,"value":90},
{"source":17,"target":39,"value":9},
{"source":17,"target":68,"value":6},
{"source":17,"target":67,"value":6},
{"source":17,"target":73,"value":5},
{"source":18,"target":16,"value":109},
{"source":18,"target":67,"value":7},
{"source":18,"target":68,"value":6},
{"source":18,"target":74,"value":3},
{"source":18,"target":75,"value":3},
{"source":9,"target":67,"value":10},
{"source":9,"target":76,"value":4},
{"source":9,"target":68,"value":4},
{"source":19,"target":77,"value":204},
{"source":19,"target":78,"value":107},
{"source":19,"target":79,"value":51},
{"source":19,"target":73,"value":47},
{"source":19,"target":80,"value":42},
{"source":20,"target":77,"value":116},
{"source":20,"target":78,"value":48},
{"source":20,"target":53,"value":28},
{"source":20,"target":79,"value":17},
{"source":20,"target":52,"value":9},
{"source":6,"target":77,"value":16},
{"source":6,"target":80,"value":13},
{"source":6,"target":78,"value":13},
{"source":6,"target":81,"value":12},
{"source":21,"target":77,"value":53},
{"source":21,"target":78,"value":25},
{"source":21,"target":52,"value":5},
{"source":21,"target":76,"value":5},
{"source":21,"target":73,"value":4},
{"source":9,"target":77,"value":17},
{"source":9,"target":78,"value":6},
{"source":9,"target":79,"value":5}
]}