{
"nodes":[
{"node":0,"name":"Complaint - Sick Person"},
{"node":1,"name":"Complaint - Falls"},
{"node":2,"name":"Complaint - Breathing Problem"},
{"node":3,"name":"Complaint - Chest Pain NonTraumatic"},
{"node":4,"name":"Complaint - Psychiatric Problem Abnormal Behavior Suicide Attempt"},
{"node":5,"name":"Impression - Weakness"},
{"node":6,"name":"Impression - Neuro Altered Mental Status Altered Loc Decreased Loc"},
{"node":7,"name":"Impression - Pain"},
{"node":8,"name":"Impression - Abdominal Pain"},
{"node":9,"name":"Impression - Not Recorded"},
{"node":10,"name":"Impression - Injury Not Otherwise Listed"},
{"node":11,"name":"Impression - Injury Hip"},
{"node":12,"name":"Impression - Respiratory Acute Onset Distress"},
{"node":13,"name":"Impression - Respiratory Not Otherwise Listed"},
{"node":14,"name":"Impression - Respiratory Asthma"},
{"node":15,"name":"Impression - CV Chest Pain Presumed Cardiac"},
{"node":16,"name":"Impression - Chest Pain"},
{"node":17,"name":"Impression - Pain Chest Presumed Noncardiac"},
{"node":18,"name":"Impression - CV Chest Pain Angina"},
{"node":19,"name":"Impression - Behavioral Mental Disorder Not Otherwise Listed"},
{"node":20,"name":"Impression - Behavioral Suicide Attempt"},
{"node":21,"name":"Impression - Behavioral Suicidal Homicidal Ideation"},
{"node":22,"name":"Impression - Weakness"},
{"node":23,"name":"Impression - Neuro Altered Mental Status"},
{"node":24,"name":"Impression - Pain"},
{"node":25,"name":"Impression - Abdominal Pain"},
{"node":26,"name":"Impression - Not Recorded"},
{"node":27,"name":"Impression - Injury Not Otherwise Listed"},
{"node":28,"name":"Impression - Injury Hip"},
{"node":29,"name":"Impression - Respiratory Acute Onset Distress"},
{"node":30,"name":"Impression - Respiratory Not Otherwise Listed"},
{"node":31,"name":"Impression - Respiratory Asthma"},
{"node":32,"name":"Impression - CV Chest Pain Presumed Cardiac"},
{"node":33,"name":"Impression - Chest Pain"},
{"node":34,"name":"Impression - Pain Chest Presumed Noncardiac"},
{"node":35,"name":"Impression - CV Chest Pain Angina"},
{"node":36,"name":"Impression - Behavioral Mental Disorder Not Otherwise Listed"},
{"node":37,"name":"Impression - Behavioral Suicide Attempt"},
{"node":38,"name":"Impression - Behavioral Suicidal Homicidal Ideation"},
{"node":39,"name":"Diagnosis - Sepsis"},
{"node":40,"name":"Diagnosis - Acute Kidney Failure"},
{"node":41,"name":"Diagnosis - Other Infection"},
{"node":42,"name":"Diagnosis - Chest Pain"},
{"node":43,"name":"Diagnosis - Other Pain"},
{"node":44,"name":"Diagnosis - Substance Abuse"},
{"node":45,"name":"Diagnosis - Fracture"},
{"node":46,"name":"Diagnosis - Age Related Osteoporosis"},
{"node":47,"name":"Diagnosis - Other Injury"},
{"node":48,"name":"Diagnosis - COPD"},
{"node":49,"name":"Diagnosis - MCI"},
{"node":50,"name":"Diagnosis - Other Heart Problem"},
{"node":51,"name":"Diagnosis - Breathing Problem"},
{"node":52,"name":"Diagnosis - Depression"},
{"node":53,"name":"Diagnosis - Suicidal Ideation"},
{"node":54,"name":"Diagnosis - Other Mental Illness"},
{"node":55,"name":"Diagnosis - Weakness or Syncope"},
{"node":56,"name":"Other"}
],
"links":[
{"source":0,"target":5,"value":229},
{"source":0,"target":6,"value":145},
{"source":0,"target":7,"value":71},
{"source":0,"target":8,"value":84},
{"source":0,"target":9,"value":59},
{"source":1,"target":10,"value":224},
{"source":1,"target":5,"value":107},
{"source":1,"target":9,"value":64},
{"source":1,"target":7,"value":47},
{"source":1,"target":11,"value":112},
{"source":2,"target":12,"value":329},
{"source":2,"target":13,"value":70},
{"source":2,"target":9,"value":67},
{"source":2,"target":5,"value":34},
{"source":2,"target":14,"value":73},
{"source":3,"target":15,"value":338},
{"source":3,"target":16,"value":237},
{"source":3,"target":17,"value":116},
{"source":3,"target":18,"value":128},
{"source":3,"target":9,"value":92},
{"source":4,"target":19,"value":451},
{"source":4,"target":20,"value":218},
{"source":4,"target":6,"value":61},
{"source":4,"target":21,"value":92},
{"source":4,"target":9,"value":41},
{"source":5,"target":39,"value":173},
{"source":5,"target":55,"value":70},
{"source":5,"target":41,"value":44},
{"source":5,"target":40,"value":26},
{"source":5,"target":55,"value":24},
{"source":6,"target":39,"value":82},
{"source":6,"target":54,"value":26},
{"source":6,"target":41,"value":19},
{"source":6,"target":40,"value":14},
{"source":6,"target":41,"value":11},
{"source":7,"target":39,"value":29},
{"source":7,"target":41,"value":17},
{"source":7,"target":56,"value":9},
{"source":7,"target":56,"value":9},
{"source":7,"target":43,"value":17},
{"source":8,"target":43,"value":32},
{"source":8,"target":39,"value":16},
{"source":8,"target":43,"value":12},
{"source":8,"target":43,"value":12},
{"source":8,"target":43,"value":12},
{"source":9,"target":39,"value":77},
{"source":9,"target":41,"value":10},
{"source":9,"target":56,"value":7},
{"source":9,"target":44,"value":13},
{"source":9,"target":56,"value":5},
{"source":10,"target":47,"value":85},
{"source":10,"target":45,"value":62},
{"source":10,"target":45,"value":28},
{"source":10,"target":47,"value":26},
{"source":10,"target":45,"value":23},
{"source":5,"target":47,"value":10},
{"source":5,"target":56,"value":7},
{"source":9,"target":45,"value":18},
{"source":9,"target":47,"value":20},
{"source":9,"target":55,"value":11},
{"source":9,"target":56,"value":8},
{"source":7,"target":46,"value":13},
{"source":7,"target":56,"value":9},
{"source":7,"target":56,"value":8},
{"source":7,"target":56,"value":7},
{"source":11,"target":45,"value":49},
{"source":11,"target":45,"value":22},
{"source":11,"target":45,"value":18},
{"source":11,"target":46,"value":12},
{"source":11,"target":47,"value":11},
{"source":12,"target":48,"value":102},
{"source":12,"target":39,"value":97},
{"source":12,"target":51,"value":50},
{"source":12,"target":51,"value":42},
{"source":12,"target":41,"value":38},
{"source":13,"target":39,"value":18},
{"source":13,"target":51,"value":14},
{"source":13,"target":41,"value":14},
{"source":13,"target":51,"value":12},
{"source":13,"target":48,"value":12},
{"source":9,"target":48,"value":18},
{"source":9,"target":56,"value":9},
{"source":9,"target":42,"value":74},
{"source":9,"target":56,"value":7},
{"source":5,"target":56,"value":6},
{"source":5,"target":56,"value":5},
{"source":5,"target":56,"value":5},
{"source":14,"target":51,"value":44},
{"source":14,"target":51,"value":10},
{"source":14,"target":56,"value":9},
{"source":14,"target":56,"value":5},
{"source":14,"target":56,"value":5},
{"source":15,"target":42,"value":272},
{"source":15,"target":49,"value":31},
{"source":15,"target":43,"value":15},
{"source":15,"target":50,"value":12},
{"source":15,"target":56,"value":8},
{"source":16,"target":42,"value":186},
{"source":16,"target":49,"value":21},
{"source":16,"target":49,"value":12},
{"source":16,"target":56,"value":9},
{"source":16,"target":56,"value":9},
{"source":17,"target":42,"value":90},
{"source":17,"target":56,"value":9},
{"source":17,"target":56,"value":6},
{"source":17,"target":56,"value":6},
{"source":17,"target":56,"value":5},
{"source":18,"target":42,"value":109},
{"source":18,"target":56,"value":7},
{"source":18,"target":56,"value":6},
{"source":18,"target":56,"value":3},
{"source":18,"target":56,"value":3},
{"source":9,"target":49,"value":10},
{"source":9,"target":56,"value":4},
{"source":9,"target":56,"value":4},
{"source":19,"target":52,"value":204},
{"source":19,"target":53,"value":107},
{"source":19,"target":54,"value":51},
{"source":19,"target":54,"value":47},
{"source":19,"target":44,"value":42},
{"source":20,"target":52,"value":116},
{"source":20,"target":53,"value":48},
{"source":20,"target":47,"value":28},
{"source":20,"target":54,"value":17},
{"source":20,"target":56,"value":9},
{"source":6,"target":52,"value":16},
{"source":6,"target":44,"value":13},
{"source":6,"target":53,"value":13},
{"source":6,"target":54,"value":12},
{"source":21,"target":52,"value":53},
{"source":21,"target":53,"value":25},
{"source":21,"target":56,"value":5},
{"source":21,"target":56,"value":5},
{"source":21,"target":56,"value":4},
{"source":9,"target":52,"value":17},
{"source":9,"target":56,"value":6},
{"source":9,"target":54,"value":5}
]}